,subwayLine,stationName,stationCode,statStartDate,statEndDate,startStationCode,startStationName,endStationCode,endStationName,prevStationCode,prevStationName,updnLine,directAt,dow,hh,mm,congestionTrain
4,2호선,봉천역,229,20221001,20221231,211,성수역,211,성수역,228,서울대입구역,1,0,WED,07,10,12
4,2호선,봉천역,229,20221001,20221231,211,성수역,211,성수역,228,서울대입구역,1,0,WED,07,20,26
4,2호선,봉천역,229,20221001,20221231,211,성수역,211,성수역,228,서울대입구역,1,0,WED,07,30,26
4,2호선,봉천역,229,20221001,20221231,211,성수역,211,성수역,228,서울대입구역,1,0,WED,07,40,26
4,2호선,봉천역,229,20221001,20221231,211,성수역,211,성수역,228,서울대입구역,1,0,WED,07,50,12
5,2호선,봉천역,229,20221001,20221231,211,성수역,211-R,성수역,230,신림역,0,0,WED,07,00,80
5,2호선,봉천역,229,20221001,20221231,211,성수역,211-R,성수역,230,신림역,0,0,WED,07,10,93
5,2호선,봉천역,229,20221001,20221231,211,성수역,211-R,성수역,230,신림역,0,0,WED,07,20,96
5,2호선,봉천역,229,20221001,20221231,211,성수역,211-R,성수역,230,신림역,0,0,WED,07,30,105
5,2호선,봉천역,229,20221001,20221231,211,성수역,211-R,성수역,230,신림역,0,0,WED,07,40,105
5,2호선,봉천역,229,20221001,20221231,211,성수역,211-R,성수역,230,신림역,0,0,WED,07,50,150
6,2호선,봉천역,229,20221001,20221231,211,성수역,211-R,성수역,228,서울대입구역,1,0,WED,07,00,16
6,2호선,봉천역,229,20221001,20221231,211,성수역,211-R,성수역,228,서울대입구역,1,0,WED,07,10,29
6,2호선,봉천역,229,20221001,20221231,211,성수역,211-R,성수역,228,서울대입구역,1,0,WED,07,20,33
6,2호선,봉천역,229,20221001,20221231,211,성수역,211-R,성수역,228,서울대입구역,1,0,WED,07,30,32
6,2호선,봉천역,229,20221001,20221231,211,성수역,211-R,성수역,228,서울대입구역,1,0,WED,07,40,34
6,2호선,봉천역,229,20221001,20221231,211,성수역,211-R,성수역,228,서울대입구역,1,0,WED,07,50,43
15,2호선,봉천역,229,20221001,20221231,234,신도림역,211-R,성수역,230,신림역,0,0,WED,07,00,79
15,2호선,봉천역,229,20221001,20221231,234,신도림역,211-R,성수역,230,신림역,0,0,WED,07,10,80
15,2호선,봉천역,229,20221001,20221231,234,신도림역,211-R,성수역,230,신림역,0,0,WED,07,20,80
15,2호선,봉천역,229,20221001,20221231,234,신도림역,211-R,성수역,230,신림역,0,0,WED,07,30,84
15,2호선,봉천역,229,20221001,20221231,234,신도림역,211-R,성수역,230,신림역,0,0,WED,07,40,111
15,2호선,봉천역,229,20221001,20221231,234,신도림역,211-R,성수역,230,신림역,0,0,WED,07,50,125
5,2호선,봉천역,229,20221001,20221231,211,성수역,211-R,성수역,230,신림역,0,0,TUE,07,00,79
5,2호선,봉천역,229,20221001,20221231,211,성수역,211-R,성수역,230,신림역,0,0,TUE,07,10,97
5,2호선,봉천역,229,20221001,20221231,211,성수역,211-R,성수역,230,신림역,0,0,TUE,07,20,91
5,2호선,봉천역,229,20221001,20221231,211,성수역,211-R,성수역,230,신림역,0,0,TUE,07,30,104
5,2호선,봉천역,229,20221001,20221231,211,성수역,211-R,성수역,230,신림역,0,0,TUE,07,40,114
5,2호선,봉천역,229,20221001,20221231,211,성수역,211-R,성수역,230,신림역,0,0,TUE,07,50,147
6,2호선,봉천역,229,20221001,20221231,211,성수역,211-R,성수역,228,서울대입구역,1,0,TUE,07,00,17
6,2호선,봉천역,229,20221001,20221231,211,성수역,211-R,성수역,228,서울대입구역,1,0,TUE,07,10,29
6,2호선,봉천역,229,20221001,20221231,211,성수역,211-R,성수역,228,서울대입구역,1,0,TUE,07,20,34
6,2호선,봉천역,229,20221001,20221231,211,성수역,211-R,성수역,228,서울대입구역,1,0,TUE,07,30,31
6,2호선,봉천역,229,20221001,20221231,211,성수역,211-R,성수역,228,서울대입구역,1,0,TUE,07,40,33
6,2호선,봉천역,229,20221001,20221231,211,성수역,211-R,성수역,228,서울대입구역,1,0,TUE,07,50,42
15,2호선,봉천역,229,20221001,20221231,234,신도림역,211-R,성수역,230,신림역,0,0,TUE,07,00,80
15,2호선,봉천역,229,20221001,20221231,234,신도림역,211-R,성수역,230,신림역,0,0,TUE,07,10,78
15,2호선,봉천역,229,20221001,20221231,234,신도림역,211-R,성수역,230,신림역,0,0,TUE,07,20,76
15,2호선,봉천역,229,20221001,20221231,234,신도림역,211-R,성수역,230,신림역,0,0,TUE,07,30,87
15,2호선,봉천역,229,20221001,20221231,234,신도림역,211-R,성수역,230,신림역,0,0,TUE,07,40,112
15,2호선,봉천역,229,20221001,20221231,234,신도림역,211-R,성수역,230,신림역,0,0,TUE,07,50,121
3,2호선,봉천역,229,20221001,20221231,211,성수역,211,성수역,230,신림역,0,0,SAT,19,10,18
3,2호선,봉천역,229,20221001,20221231,211,성수역,211,성수역,230,신림역,0,0,SAT,19,20,36
3,2호선,봉천역,229,20221001,20221231,211,성수역,211,성수역,230,신림역,0,0,SAT,19,30,36
3,2호선,봉천역,229,20221001,20221231,211,성수역,211,성수역,230,신림역,0,0,SAT,19,40,25
3,2호선,봉천역,229,20221001,20221231,211,성수역,211,성수역,230,신림역,0,0,SAT,19,50,25
5,2호선,봉천역,229,20221001,20221231,211,성수역,211-R,성수역,230,신림역,0,0,SAT,19,00,33
5,2호선,봉천역,229,20221001,20221231,211,성수역,211-R,성수역,230,신림역,0,0,SAT,19,10,33
5,2호선,봉천역,229,20221001,20221231,211,성수역,211-R,성수역,230,신림역,0,0,SAT,19,20,27
5,2호선,봉천역,229,20221001,20221231,211,성수역,211-R,성수역,230,신림역,0,0,SAT,19,30,25
5,2호선,봉천역,229,20221001,20221231,211,성수역,211-R,성수역,230,신림역,0,0,SAT,19,40,24
5,2호선,봉천역,229,20221001,20221231,211,성수역,211-R,성수역,230,신림역,0,0,SAT,19,50,31
6,2호선,봉천역,229,20221001,20221231,211,성수역,211-R,성수역,228,서울대입구역,1,0,SAT,19,00,51
6,2호선,봉천역,229,20221001,20221231,211,성수역,211-R,성수역,228,서울대입구역,1,0,SAT,19,10,45
6,2호선,봉천역,229,20221001,20221231,211,성수역,211-R,성수역,228,서울대입구역,1,0,SAT,19,20,46
6,2호선,봉천역,229,20221001,20221231,211,성수역,211-R,성수역,228,서울대입구역,1,0,SAT,19,30,51
6,2호선,봉천역,229,20221001,20221231,211,성수역,211-R,성수역,228,서울대입구역,1,0,SAT,19,40,53
6,2호선,봉천역,229,20221001,20221231,211,성수역,211-R,성수역,228,서울대입구역,1,0,SAT,19,50,50
15,2호선,봉천역,229,20221001,20221231,234,신도림역,211-R,성수역,230,신림역,0,0,SAT,19,00,7
15,2호선,봉천역,229,20221001,20221231,234,신도림역,211-R,성수역,230,신림역,0,0,SAT,19,10,14
15,2호선,봉천역,229,20221001,20221231,234,신도림역,211-R,성수역,230,신림역,0,0,SAT,19,20,10
15,2호선,봉천역,229,20221001,20221231,234,신도림역,211-R,성수역,230,신림역,0,0,SAT,19,30,13
15,2호선,봉천역,229,20221001,20221231,234,신도림역,211-R,성수역,230,신림역,0,0,SAT,19,40,13
15,2호선,봉천역,229,20221001,20221231,234,신도림역,211-R,성수역,230,신림역,0,0,SAT,19,50,7
3,2호선,봉천역,229,20221001,20221231,211,성수역,211,성수역,230,신림역,0,0,FRI,08,00,73
3,2호선,봉천역,229,20221001,20221231,211,성수역,211,성수역,230,신림역,0,0,FRI,08,10,146
3,2호선,봉천역,229,20221001,20221231,211,성수역,211,성수역,230,신림역,0,0,FRI,08,20,146
3,2호선,봉천역,229,20221001,20221231,211,성수역,211,성수역,230,신림역,0,0,FRI,08,30,146
3,2호선,봉천역,229,20221001,20221231,211,성수역,211,성수역,230,신림역,0,0,FRI,08,40,94
3,2호선,봉천역,229,20221001,20221231,211,성수역,211,성수역,230,신림역,0,0,FRI,08,50,94
4,2호선,봉천역,229,20221001,20221231,211,성수역,211,성수역,228,서울대입구역,1,0,FRI,08,20,15
4,2호선,봉천역,229,20221001,20221231,211,성수역,211,성수역,228,서울대입구역,1,0,FRI,08,30,32
4,2호선,봉천역,229,20221001,20221231,211,성수역,211,성수역,228,서울대입구역,1,0,FRI,08,40,32
4,2호선,봉천역,229,20221001,20221231,211,성수역,211,성수역,228,서울대입구역,1,0,FRI,08,50,27
5,2호선,봉천역,229,20221001,20221231,211,성수역,211-R,성수역,230,신림역,0,0,FRI,08,00,137
5,2호선,봉천역,229,20221001,20221231,211,성수역,211-R,성수역,230,신림역,0,0,FRI,08,10,147
5,2호선,봉천역,229,20221001,20221231,211,성수역,211-R,성수역,230,신림역,0,0,FRI,08,20,164
5,2호선,봉천역,229,20221001,20221231,211,성수역,211-R,성수역,230,신림역,0,0,FRI,08,30,118
5,2호선,봉천역,229,20221001,20221231,211,성수역,211-R,성수역,230,신림역,0,0,FRI,08,40,97
5,2호선,봉천역,229,20221001,20221231,211,성수역,211-R,성수역,230,신림역,0,0,FRI,08,50,106
6,2호선,봉천역,229,20221001,20221231,211,성수역,211-R,성수역,228,서울대입구역,1,0,FRI,08,00,45
6,2호선,봉천역,229,20221001,20221231,211,성수역,211-R,성수역,228,서울대입구역,1,0,FRI,08,10,47
6,2호선,봉천역,229,20221001,20221231,211,성수역,211-R,성수역,228,서울대입구역,1,0,FRI,08,20,49
6,2호선,봉천역,229,20221001,20221231,211,성수역,211-R,성수역,228,서울대입구역,1,0,FRI,08,30,46
6,2호선,봉천역,229,20221001,20221231,211,성수역,211-R,성수역,228,서울대입구역,1,0,FRI,08,40,30
6,2호선,봉천역,229,20221001,20221231,211,성수역,211-R,성수역,228,서울대입구역,1,0,FRI,08,50,29
15,2호선,봉천역,229,20221001,20221231,234,신도림역,211-R,성수역,230,신림역,0,0,FRI,08,00,119
15,2호선,봉천역,229,20221001,20221231,234,신도림역,211-R,성수역,230,신림역,0,0,FRI,08,10,124
15,2호선,봉천역,229,20221001,20221231,234,신도림역,211-R,성수역,230,신림역,0,0,FRI,08,20,114
15,2호선,봉천역,229,20221001,20221231,234,신도림역,211-R,성수역,230,신림역,0,0,FRI,08,30,117
15,2호선,봉천역,229,20221001,20221231,234,신도림역,211-R,성수역,230,신림역,0,0,FRI,08,40,117
15,2호선,봉천역,229,20221001,20221231,234,신도림역,211-R,성수역,230,신림역,0,0,FRI,08,50,58
3,2호선,봉천역,229,20221001,20221231,211,성수역,211,성수역,230,신림역,0,0,MON,09,00,94
3,2호선,봉천역,229,20221001,20221231,211,성수역,211,성수역,230,신림역,0,0,MON,09,10,100
3,2호선,봉천역,229,20221001,20221231,211,성수역,211,성수역,230,신림역,0,0,MON,09,20,119
3,2호선,봉천역,229,20221001,20221231,211,성수역,211,성수역,230,신림역,0,0,MON,09,30,57
3,2호선,봉천역,229,20221001,20221231,211,성수역,211,성수역,230,신림역,0,0,MON,09,40,51
3,2호선,봉천역,229,20221001,20221231,211,성수역,211,성수역,230,신림역,0,0,MON,09,50,56
4,2호선,봉천역,229,20221001,20221231,211,성수역,211,성수역,228,서울대입구역,1,0,MON,09,00,28
4,2호선,봉천역,229,20221001,20221231,211,성수역,211,성수역,228,서울대입구역,1,0,MON,09,10,29
4,2호선,봉천역,229,20221001,20221231,211,성수역,211,성수역,228,서울대입구역,1,0,MON,09,20,23
4,2호선,봉천역,229,20221001,20221231,211,성수역,211,성수역,228,서울대입구역,1,0,MON,09,30,22
4,2호선,봉천역,229,20221001,20221231,211,성수역,211,성수역,228,서울대입구역,1,0,MON,09,40,20
4,2호선,봉천역,229,20221001,20221231,211,성수역,211,성수역,228,서울대입구역,1,0,MON,09,50,20
5,2호선,봉천역,229,20221001,20221231,211,성수역,211-R,성수역,230,신림역,0,0,MON,09,00,97
5,2호선,봉천역,229,20221001,20221231,211,성수역,211-R,성수역,230,신림역,0,0,MON,09,10,110
5,2호선,봉천역,229,20221001,20221231,211,성수역,211-R,성수역,230,신림역,0,0,MON,09,20,111
5,2호선,봉천역,229,20221001,20221231,211,성수역,211-R,성수역,230,신림역,0,0,MON,09,30,114
5,2호선,봉천역,229,20221001,20221231,211,성수역,211-R,성수역,230,신림역,0,0,MON,09,40,57
5,2호선,봉천역,229,20221001,20221231,211,성수역,211-R,성수역,230,신림역,0,0,MON,09,50,49
6,2호선,봉천역,229,20221001,20221231,211,성수역,211-R,성수역,228,서울대입구역,1,0,MON,09,00,29
6,2호선,봉천역,229,20221001,20221231,211,성수역,211-R,성수역,228,서울대입구역,1,0,MON,09,10,32
6,2호선,봉천역,229,20221001,20221231,211,성수역,211-R,성수역,228,서울대입구역,1,0,MON,09,20,33
6,2호선,봉천역,229,20221001,20221231,211,성수역,211-R,성수역,228,서울대입구역,1,0,MON,09,30,25
6,2호선,봉천역,229,20221001,20221231,211,성수역,211-R,성수역,228,서울대입구역,1,0,MON,09,40,17
6,2호선,봉천역,229,20221001,20221231,211,성수역,211-R,성수역,228,서울대입구역,1,0,MON,09,50,17
9,2호선,봉천역,229,20221001,20221231,211,성수역,234,신도림역,228,서울대입구역,1,0,MON,09,30,6
9,2호선,봉천역,229,20221001,20221231,211,성수역,234,신도림역,228,서울대입구역,1,0,MON,09,40,11
9,2호선,봉천역,229,20221001,20221231,211,성수역,234,신도림역,228,서울대입구역,1,0,MON,09,50,11
3,2호선,봉천역,229,20221001,20221231,211,성수역,211,성수역,230,신림역,0,0,SUN,07,40,10
3,2호선,봉천역,229,20221001,20221231,211,성수역,211,성수역,230,신림역,0,0,SUN,07,50,20
5,2호선,봉천역,229,20221001,20221231,211,성수역,211-R,성수역,230,신림역,0,0,SUN,07,00,15
5,2호선,봉천역,229,20221001,20221231,211,성수역,211-R,성수역,230,신림역,0,0,SUN,07,10,17
5,2호선,봉천역,229,20221001,20221231,211,성수역,211-R,성수역,230,신림역,0,0,SUN,07,20,15
5,2호선,봉천역,229,20221001,20221231,211,성수역,211-R,성수역,230,신림역,0,0,SUN,07,30,17
5,2호선,봉천역,229,20221001,20221231,211,성수역,211-R,성수역,230,신림역,0,0,SUN,07,40,17
5,2호선,봉천역,229,20221001,20221231,211,성수역,211-R,성수역,230,신림역,0,0,SUN,07,50,18
6,2호선,봉천역,229,20221001,20221231,211,성수역,211-R,성수역,228,서울대입구역,1,0,SUN,07,00,6
6,2호선,봉천역,229,20221001,20221231,211,성수역,211-R,성수역,228,서울대입구역,1,0,SUN,07,10,4
6,2호선,봉천역,229,20221001,20221231,211,성수역,211-R,성수역,228,서울대입구역,1,0,SUN,07,20,4
6,2호선,봉천역,229,20221001,20221231,211,성수역,211-R,성수역,228,서울대입구역,1,0,SUN,07,30,5
6,2호선,봉천역,229,20221001,20221231,211,성수역,211-R,성수역,228,서울대입구역,1,0,SUN,07,40,5
6,2호선,봉천역,229,20221001,20221231,211,성수역,211-R,성수역,228,서울대입구역,1,0,SUN,07,50,6
15,2호선,봉천역,229,20221001,20221231,234,신도림역,211-R,성수역,230,신림역,0,0,SUN,07,30,4
15,2호선,봉천역,229,20221001,20221231,234,신도림역,211-R,성수역,230,신림역,0,0,SUN,07,40,9
15,2호선,봉천역,229,20221001,20221231,234,신도림역,211-R,성수역,230,신림역,0,0,SUN,07,50,9
5,2호선,봉천역,229,20221001,20221231,211,성수역,211-R,성수역,230,신림역,0,0,THU,16,00,38
5,2호선,봉천역,229,20221001,20221231,211,성수역,211-R,성수역,230,신림역,0,0,THU,16,10,41
5,2호선,봉천역,229,20221001,20221231,211,성수역,211-R,성수역,230,신림역,0,0,THU,16,20,45
5,2호선,봉천역,229,20221001,20221231,211,성수역,211-R,성수역,230,신림역,0,0,THU,16,30,43
5,2호선,봉천역,229,20221001,20221231,211,성수역,211-R,성수역,230,신림역,0,0,THU,16,40,42
5,2호선,봉천역,229,20221001,20221231,211,성수역,211-R,성수역,230,신림역,0,0,THU,16,50,45
6,2호선,봉천역,229,20221001,20221231,211,성수역,211-R,성수역,228,서울대입구역,1,0,THU,16,00,68
6,2호선,봉천역,229,20221001,20221231,211,성수역,211-R,성수역,228,서울대입구역,1,0,THU,16,10,69
6,2호선,봉천역,229,20221001,20221231,211,성수역,211-R,성수역,228,서울대입구역,1,0,THU,16,20,78
6,2호선,봉천역,229,20221001,20221231,211,성수역,211-R,성수역,228,서울대입구역,1,0,THU,16,30,89
6,2호선,봉천역,229,20221001,20221231,211,성수역,211-R,성수역,228,서울대입구역,1,0,THU,16,40,72
6,2호선,봉천역,229,20221001,20221231,211,성수역,211-R,성수역,228,서울대입구역,1,0,THU,16,50,76
15,2호선,봉천역,229,20221001,20221231,234,신도림역,211-R,성수역,230,신림역,0,0,THU,16,30,7
15,2호선,봉천역,229,20221001,20221231,234,신도림역,211-R,성수역,230,신림역,0,0,THU,16,40,14
15,2호선,봉천역,229,20221001,20221231,234,신도림역,211-R,성수역,230,신림역,0,0,THU,16,50,14
5,2호선,봉천역,229,20221001,20221231,211,성수역,211-R,성수역,230,신림역,0,0,THU,17,00,39
5,2호선,봉천역,229,20221001,20221231,211,성수역,211-R,성수역,230,신림역,0,0,THU,17,10,44
5,2호선,봉천역,229,20221001,20221231,211,성수역,211-R,성수역,230,신림역,0,0,THU,17,20,54
5,2호선,봉천역,229,20221001,20221231,211,성수역,211-R,성수역,230,신림역,0,0,THU,17,30,56
5,2호선,봉천역,229,20221001,20221231,211,성수역,211-R,성수역,230,신림역,0,0,THU,17,40,66
5,2호선,봉천역,229,20221001,20221231,211,성수역,211-R,성수역,230,신림역,0,0,THU,17,50,52
6,2호선,봉천역,229,20221001,20221231,211,성수역,211-R,성수역,228,서울대입구역,1,0,THU,17,00,74
6,2호선,봉천역,229,20221001,20221231,211,성수역,211-R,성수역,228,서울대입구역,1,0,THU,17,10,91
6,2호선,봉천역,229,20221001,20221231,211,성수역,211-R,성수역,228,서울대입구역,1,0,THU,17,20,125
6,2호선,봉천역,229,20221001,20221231,211,성수역,211-R,성수역,228,서울대입구역,1,0,THU,17,30,134
6,2호선,봉천역,229,20221001,20221231,211,성수역,211-R,성수역,228,서울대입구역,1,0,THU,17,40,135
6,2호선,봉천역,229,20221001,20221231,211,성수역,211-R,성수역,228,서울대입구역,1,0,THU,17,50,118
15,2호선,봉천역,229,20221001,20221231,234,신도림역,211-R,성수역,230,신림역,0,0,THU,17,00,7
15,2호선,봉천역,229,20221001,20221231,234,신도림역,211-R,성수역,230,신림역,0,0,THU,17,10,8
15,2호선,봉천역,229,20221001,20221231,234,신도림역,211-R,성수역,230,신림역,0,0,THU,17,20,16
15,2호선,봉천역,229,20221001,20221231,234,신도림역,211-R,성수역,230,신림역,0,0,THU,17,30,16
15,2호선,봉천역,229,20221001,20221231,234,신도림역,211-R,성수역,230,신림역,0,0,THU,17,40,24
15,2호선,봉천역,229,20221001,20221231,234,신도림역,211-R,성수역,230,신림역,0,0,THU,17,50,22
1,2호선,봉천역,229,20221001,20221231,202,을지로입구역,211-R,성수역,230,신림역,0,0,SUN,06,00,21
1,2호선,봉천역,229,20221001,20221231,202,을지로입구역,211-R,성수역,230,신림역,0,0,SUN,06,10,21
1,2호선,봉천역,229,20221001,20221231,202,을지로입구역,211-R,성수역,230,신림역,0,0,SUN,06,20,11
5,2호선,봉천역,229,20221001,20221231,211,성수역,211-R,성수역,230,신림역,0,0,SUN,06,00,13
5,2호선,봉천역,229,20221001,20221231,211,성수역,211-R,성수역,230,신림역,0,0,SUN,06,10,27
5,2호선,봉천역,229,20221001,20221231,211,성수역,211-R,성수역,230,신림역,0,0,SUN,06,20,27
5,2호선,봉천역,229,20221001,20221231,211,성수역,211-R,성수역,230,신림역,0,0,SUN,06,30,17
5,2호선,봉천역,229,20221001,20221231,211,성수역,211-R,성수역,230,신림역,0,0,SUN,06,40,16
5,2호선,봉천역,229,20221001,20221231,211,성수역,211-R,성수역,230,신림역,0,0,SUN,06,50,16
6,2호선,봉천역,229,20221001,20221231,211,성수역,211-R,성수역,228,서울대입구역,1,0,SUN,06,00,14
6,2호선,봉천역,229,20221001,20221231,211,성수역,211-R,성수역,228,서울대입구역,1,0,SUN,06,10,9
6,2호선,봉천역,229,20221001,20221231,211,성수역,211-R,성수역,228,서울대입구역,1,0,SUN,06,20,8
6,2호선,봉천역,229,20221001,20221231,211,성수역,211-R,성수역,228,서울대입구역,1,0,SUN,06,30,7
6,2호선,봉천역,229,20221001,20221231,211,성수역,211-R,성수역,228,서울대입구역,1,0,SUN,06,40,6
6,2호선,봉천역,229,20221001,20221231,211,성수역,211-R,성수역,228,서울대입구역,1,0,SUN,06,50,6
11,2호선,봉천역,229,20221001,20221231,219,삼성역,211-R,성수역,228,서울대입구역,1,0,SUN,06,00,12
11,2호선,봉천역,229,20221001,20221231,219,삼성역,211-R,성수역,228,서울대입구역,1,0,SUN,06,10,6
15,2호선,봉천역,229,20221001,20221231,234,신도림역,211-R,성수역,230,신림역,0,0,SUN,06,00,8
15,2호선,봉천역,229,20221001,20221231,234,신도림역,211-R,성수역,230,신림역,0,0,SUN,06,10,10
15,2호선,봉천역,229,20221001,20221231,234,신도림역,211-R,성수역,230,신림역,0,0,SUN,06,20,11
15,2호선,봉천역,229,20221001,20221231,234,신도림역,211-R,성수역,230,신림역,0,0,SUN,06,30,11
15,2호선,봉천역,229,20221001,20221231,234,신도림역,211-R,성수역,230,신림역,0,0,SUN,06,40,5
17,2호선,봉천역,229,20221001,20221231,239,홍대입구역,211-R,성수역,230,신림역,0,0,SUN,06,00,20
17,2호선,봉천역,229,20221001,20221231,239,홍대입구역,211-R,성수역,230,신림역,0,0,SUN,06,10,10
3,2호선,봉천역,229,20221001,20221231,211,성수역,211,성수역,230,신림역,0,0,MON,08,00,70
3,2호선,봉천역,229,20221001,20221231,211,성수역,211,성수역,230,신림역,0,0,MON,08,10,141
3,2호선,봉천역,229,20221001,20221231,211,성수역,211,성수역,230,신림역,0,0,MON,08,20,141
3,2호선,봉천역,229,20221001,20221231,211,성수역,211,성수역,230,신림역,0,0,MON,08,30,139
3,2호선,봉천역,229,20221001,20221231,211,성수역,211,성수역,230,신림역,0,0,MON,08,40,138
3,2호선,봉천역,229,20221001,20221231,211,성수역,211,성수역,230,신림역,0,0,MON,08,50,108
4,2호선,봉천역,229,20221001,20221231,211,성수역,211,성수역,228,서울대입구역,1,0,MON,08,20,17
4,2호선,봉천역,229,20221001,20221231,211,성수역,211,성수역,228,서울대입구역,1,0,MON,08,30,34
4,2호선,봉천역,229,20221001,20221231,211,성수역,211,성수역,228,서울대입구역,1,0,MON,08,40,34
4,2호선,봉천역,229,20221001,20221231,211,성수역,211,성수역,228,서울대입구역,1,0,MON,08,50,27
5,2호선,봉천역,229,20221001,20221231,211,성수역,211-R,성수역,230,신림역,0,0,MON,08,00,141
5,2호선,봉천역,229,20221001,20221231,211,성수역,211-R,성수역,230,신림역,0,0,MON,08,10,160
5,2호선,봉천역,229,20221001,20221231,211,성수역,211-R,성수역,230,신림역,0,0,MON,08,20,151
5,2호선,봉천역,229,20221001,20221231,211,성수역,211-R,성수역,230,신림역,0,0,MON,08,30,121
5,2호선,봉천역,229,20221001,20221231,211,성수역,211-R,성수역,230,신림역,0,0,MON,08,40,98
5,2호선,봉천역,229,20221001,20221231,211,성수역,211-R,성수역,230,신림역,0,0,MON,08,50,103
6,2호선,봉천역,229,20221001,20221231,211,성수역,211-R,성수역,228,서울대입구역,1,0,MON,08,00,51
6,2호선,봉천역,229,20221001,20221231,211,성수역,211-R,성수역,228,서울대입구역,1,0,MON,08,10,51
6,2호선,봉천역,229,20221001,20221231,211,성수역,211-R,성수역,228,서울대입구역,1,0,MON,08,20,52
6,2호선,봉천역,229,20221001,20221231,211,성수역,211-R,성수역,228,서울대입구역,1,0,MON,08,30,52
6,2호선,봉천역,229,20221001,20221231,211,성수역,211-R,성수역,228,서울대입구역,1,0,MON,08,40,34
6,2호선,봉천역,229,20221001,20221231,211,성수역,211-R,성수역,228,서울대입구역,1,0,MON,08,50,30
15,2호선,봉천역,229,20221001,20221231,234,신도림역,211-R,성수역,230,신림역,0,0,MON,08,00,124
15,2호선,봉천역,229,20221001,20221231,234,신도림역,211-R,성수역,230,신림역,0,0,MON,08,10,129
15,2호선,봉천역,229,20221001,20221231,234,신도림역,211-R,성수역,230,신림역,0,0,MON,08,20,128
15,2호선,봉천역,229,20221001,20221231,234,신도림역,211-R,성수역,230,신림역,0,0,MON,08,30,108
15,2호선,봉천역,229,20221001,20221231,234,신도림역,211-R,성수역,230,신림역,0,0,MON,08,40,54
3,2호선,봉천역,229,20221001,20221231,211,성수역,211,성수역,230,신림역,0,0,FRI,09,00,84
3,2호선,봉천역,229,20221001,20221231,211,성수역,211,성수역,230,신림역,0,0,FRI,09,10,95
3,2호선,봉천역,229,20221001,20221231,211,성수역,211,성수역,230,신림역,0,0,FRI,09,20,100
3,2호선,봉천역,229,20221001,20221231,211,성수역,211,성수역,230,신림역,0,0,FRI,09,30,72
3,2호선,봉천역,229,20221001,20221231,211,성수역,211,성수역,230,신림역,0,0,FRI,09,40,49
3,2호선,봉천역,229,20221001,20221231,211,성수역,211,성수역,230,신림역,0,0,FRI,09,50,52
4,2호선,봉천역,229,20221001,20221231,211,성수역,211,성수역,228,서울대입구역,1,0,FRI,09,00,26
4,2호선,봉천역,229,20221001,20221231,211,성수역,211,성수역,228,서울대입구역,1,0,FRI,09,10,25
4,2호선,봉천역,229,20221001,20221231,211,성수역,211,성수역,228,서울대입구역,1,0,FRI,09,20,21
4,2호선,봉천역,229,20221001,20221231,211,성수역,211,성수역,228,서울대입구역,1,0,FRI,09,30,25
4,2호선,봉천역,229,20221001,20221231,211,성수역,211,성수역,228,서울대입구역,1,0,FRI,09,40,19
4,2호선,봉천역,229,20221001,20221231,211,성수역,211,성수역,228,서울대입구역,1,0,FRI,09,50,19
5,2호선,봉천역,229,20221001,20221231,211,성수역,211-R,성수역,230,신림역,0,0,FRI,09,00,96
5,2호선,봉천역,229,20221001,20221231,211,성수역,211-R,성수역,230,신림역,0,0,FRI,09,10,108
5,2호선,봉천역,229,20221001,20221231,211,성수역,211-R,성수역,230,신림역,0,0,FRI,09,20,108
5,2호선,봉천역,229,20221001,20221231,211,성수역,211-R,성수역,230,신림역,0,0,FRI,09,30,97
5,2호선,봉천역,229,20221001,20221231,211,성수역,211-R,성수역,230,신림역,0,0,FRI,09,40,57
5,2호선,봉천역,229,20221001,20221231,211,성수역,211-R,성수역,230,신림역,0,0,FRI,09,50,44
6,2호선,봉천역,229,20221001,20221231,211,성수역,211-R,성수역,228,서울대입구역,1,0,FRI,09,00,29
6,2호선,봉천역,229,20221001,20221231,211,성수역,211-R,성수역,228,서울대입구역,1,0,FRI,09,10,30
6,2호선,봉천역,229,20221001,20221231,211,성수역,211-R,성수역,228,서울대입구역,1,0,FRI,09,20,30
6,2호선,봉천역,229,20221001,20221231,211,성수역,211-R,성수역,228,서울대입구역,1,0,FRI,09,30,22
6,2호선,봉천역,229,20221001,20221231,211,성수역,211-R,성수역,228,서울대입구역,1,0,FRI,09,40,16
6,2호선,봉천역,229,20221001,20221231,211,성수역,211-R,성수역,228,서울대입구역,1,0,FRI,09,50,16
9,2호선,봉천역,229,20221001,20221231,211,성수역,234,신도림역,228,서울대입구역,1,0,FRI,09,30,5
9,2호선,봉천역,229,20221001,20221231,211,성수역,234,신도림역,228,서울대입구역,1,0,FRI,09,40,11
9,2호선,봉천역,229,20221001,20221231,211,성수역,234,신도림역,228,서울대입구역,1,0,FRI,09,50,11
3,2호선,봉천역,229,20221001,20221231,211,성수역,211,성수역,230,신림역,0,0,SAT,18,00,20
4,2호선,봉천역,229,20221001,20221231,211,성수역,211,성수역,228,서울대입구역,1,0,SAT,18,00,26
5,2호선,봉천역,229,20221001,20221231,211,성수역,211-R,성수역,230,신림역,0,0,SAT,18,00,42
5,2호선,봉천역,229,20221001,20221231,211,성수역,211-R,성수역,230,신림역,0,0,SAT,18,10,46
5,2호선,봉천역,229,20221001,20221231,211,성수역,211-R,성수역,230,신림역,0,0,SAT,18,20,43
5,2호선,봉천역,229,20221001,20221231,211,성수역,211-R,성수역,230,신림역,0,0,SAT,18,30,53
5,2호선,봉천역,229,20221001,20221231,211,성수역,211-R,성수역,230,신림역,0,0,SAT,18,40,46
5,2호선,봉천역,229,20221001,20221231,211,성수역,211-R,성수역,230,신림역,0,0,SAT,18,50,39
6,2호선,봉천역,229,20221001,20221231,211,성수역,211-R,성수역,228,서울대입구역,1,0,SAT,18,00,66
6,2호선,봉천역,229,20221001,20221231,211,성수역,211-R,성수역,228,서울대입구역,1,0,SAT,18,10,60
6,2호선,봉천역,229,20221001,20221231,211,성수역,211-R,성수역,228,서울대입구역,1,0,SAT,18,20,63
6,2호선,봉천역,229,20221001,20221231,211,성수역,211-R,성수역,228,서울대입구역,1,0,SAT,18,30,79
6,2호선,봉천역,229,20221001,20221231,211,성수역,211-R,성수역,228,서울대입구역,1,0,SAT,18,40,69
6,2호선,봉천역,229,20221001,20221231,211,성수역,211-R,성수역,228,서울대입구역,1,0,SAT,18,50,75
9,2호선,봉천역,229,20221001,20221231,211,성수역,234,신도림역,228,서울대입구역,1,0,SAT,18,00,44
9,2호선,봉천역,229,20221001,20221231,211,성수역,234,신도림역,228,서울대입구역,1,0,SAT,18,10,49
9,2호선,봉천역,229,20221001,20221231,211,성수역,234,신도림역,228,서울대입구역,1,0,SAT,18,20,24
1,2호선,봉천역,229,20221001,20221231,202,을지로입구역,211-R,성수역,230,신림역,0,0,TUE,06,00,46
1,2호선,봉천역,229,20221001,20221231,202,을지로입구역,211-R,성수역,230,신림역,0,0,TUE,06,10,46
1,2호선,봉천역,229,20221001,20221231,202,을지로입구역,211-R,성수역,230,신림역,0,0,TUE,06,20,23
5,2호선,봉천역,229,20221001,20221231,211,성수역,211-R,성수역,230,신림역,0,0,TUE,06,00,58
5,2호선,봉천역,229,20221001,20221231,211,성수역,211-R,성수역,230,신림역,0,0,TUE,06,10,58
5,2호선,봉천역,229,20221001,20221231,211,성수역,211-R,성수역,230,신림역,0,0,TUE,06,20,49
5,2호선,봉천역,229,20221001,20221231,211,성수역,211-R,성수역,230,신림역,0,0,TUE,06,30,52
5,2호선,봉천역,229,20221001,20221231,211,성수역,211-R,성수역,230,신림역,0,0,TUE,06,40,55
5,2호선,봉천역,229,20221001,20221231,211,성수역,211-R,성수역,230,신림역,0,0,TUE,06,50,64
6,2호선,봉천역,229,20221001,20221231,211,성수역,211-R,성수역,228,서울대입구역,1,0,TUE,06,00,18
6,2호선,봉천역,229,20221001,20221231,211,성수역,211-R,성수역,228,서울대입구역,1,0,TUE,06,10,15
6,2호선,봉천역,229,20221001,20221231,211,성수역,211-R,성수역,228,서울대입구역,1,0,TUE,06,20,11
6,2호선,봉천역,229,20221001,20221231,211,성수역,211-R,성수역,228,서울대입구역,1,0,TUE,06,30,12
6,2호선,봉천역,229,20221001,20221231,211,성수역,211-R,성수역,228,서울대입구역,1,0,TUE,06,40,17
6,2호선,봉천역,229,20221001,20221231,211,성수역,211-R,성수역,228,서울대입구역,1,0,TUE,06,50,24
11,2호선,봉천역,229,20221001,20221231,219,삼성역,211-R,성수역,228,서울대입구역,1,0,TUE,06,00,20
11,2호선,봉천역,229,20221001,20221231,219,삼성역,211-R,성수역,228,서울대입구역,1,0,TUE,06,10,10
15,2호선,봉천역,229,20221001,20221231,234,신도림역,211-R,성수역,230,신림역,0,0,TUE,06,00,49
15,2호선,봉천역,229,20221001,20221231,234,신도림역,211-R,성수역,230,신림역,0,0,TUE,06,10,46
15,2호선,봉천역,229,20221001,20221231,234,신도림역,211-R,성수역,230,신림역,0,0,TUE,06,20,41
15,2호선,봉천역,229,20221001,20221231,234,신도림역,211-R,성수역,230,신림역,0,0,TUE,06,30,40
15,2호선,봉천역,229,20221001,20221231,234,신도림역,211-R,성수역,230,신림역,0,0,TUE,06,40,48
15,2호선,봉천역,229,20221001,20221231,234,신도림역,211-R,성수역,230,신림역,0,0,TUE,06,50,67
17,2호선,봉천역,229,20221001,20221231,239,홍대입구역,211-R,성수역,230,신림역,0,0,TUE,06,00,45
17,2호선,봉천역,229,20221001,20221231,239,홍대입구역,211-R,성수역,230,신림역,0,0,TUE,06,10,22
1,2호선,봉천역,229,20221001,20221231,202,을지로입구역,211-R,성수역,230,신림역,0,0,WED,06,00,42
1,2호선,봉천역,229,20221001,20221231,202,을지로입구역,211-R,성수역,230,신림역,0,0,WED,06,10,42
1,2호선,봉천역,229,20221001,20221231,202,을지로입구역,211-R,성수역,230,신림역,0,0,WED,06,20,21
5,2호선,봉천역,229,20221001,20221231,211,성수역,211-R,성수역,230,신림역,0,0,WED,06,00,59
5,2호선,봉천역,229,20221001,20221231,211,성수역,211-R,성수역,230,신림역,0,0,WED,06,10,59
5,2호선,봉천역,229,20221001,20221231,211,성수역,211-R,성수역,230,신림역,0,0,WED,06,20,55
5,2호선,봉천역,229,20221001,20221231,211,성수역,211-R,성수역,230,신림역,0,0,WED,06,30,53
5,2호선,봉천역,229,20221001,20221231,211,성수역,211-R,성수역,230,신림역,0,0,WED,06,40,52
5,2호선,봉천역,229,20221001,20221231,211,성수역,211-R,성수역,230,신림역,0,0,WED,06,50,65
6,2호선,봉천역,229,20221001,20221231,211,성수역,211-R,성수역,228,서울대입구역,1,0,WED,06,00,19
6,2호선,봉천역,229,20221001,20221231,211,성수역,211-R,성수역,228,서울대입구역,1,0,WED,06,10,15
6,2호선,봉천역,229,20221001,20221231,211,성수역,211-R,성수역,228,서울대입구역,1,0,WED,06,20,11
6,2호선,봉천역,229,20221001,20221231,211,성수역,211-R,성수역,228,서울대입구역,1,0,WED,06,30,13
6,2호선,봉천역,229,20221001,20221231,211,성수역,211-R,성수역,228,서울대입구역,1,0,WED,06,40,16
6,2호선,봉천역,229,20221001,20221231,211,성수역,211-R,성수역,228,서울대입구역,1,0,WED,06,50,24
11,2호선,봉천역,229,20221001,20221231,219,삼성역,211-R,성수역,228,서울대입구역,1,0,WED,06,00,21
11,2호선,봉천역,229,20221001,20221231,219,삼성역,211-R,성수역,228,서울대입구역,1,0,WED,06,10,11
15,2호선,봉천역,229,20221001,20221231,234,신도림역,211-R,성수역,230,신림역,0,0,WED,06,00,54
15,2호선,봉천역,229,20221001,20221231,234,신도림역,211-R,성수역,230,신림역,0,0,WED,06,10,45
15,2호선,봉천역,229,20221001,20221231,234,신도림역,211-R,성수역,230,신림역,0,0,WED,06,20,41
15,2호선,봉천역,229,20221001,20221231,234,신도림역,211-R,성수역,230,신림역,0,0,WED,06,30,41
15,2호선,봉천역,229,20221001,20221231,234,신도림역,211-R,성수역,230,신림역,0,0,WED,06,40,48
15,2호선,봉천역,229,20221001,20221231,234,신도림역,211-R,성수역,230,신림역,0,0,WED,06,50,68
17,2호선,봉천역,229,20221001,20221231,239,홍대입구역,211-R,성수역,230,신림역,0,0,WED,06,00,45
17,2호선,봉천역,229,20221001,20221231,239,홍대입구역,211-R,성수역,230,신림역,0,0,WED,06,10,22
1,2호선,봉천역,229,20221001,20221231,202,을지로입구역,211-R,성수역,230,신림역,0,0,THU,06,00,46
1,2호선,봉천역,229,20221001,20221231,202,을지로입구역,211-R,성수역,230,신림역,0,0,THU,06,10,46
1,2호선,봉천역,229,20221001,20221231,202,을지로입구역,211-R,성수역,230,신림역,0,0,THU,06,20,23
5,2호선,봉천역,229,20221001,20221231,211,성수역,211-R,성수역,230,신림역,0,0,THU,06,00,56
5,2호선,봉천역,229,20221001,20221231,211,성수역,211-R,성수역,230,신림역,0,0,THU,06,10,56
5,2호선,봉천역,229,20221001,20221231,211,성수역,211-R,성수역,230,신림역,0,0,THU,06,20,53
5,2호선,봉천역,229,20221001,20221231,211,성수역,211-R,성수역,230,신림역,0,0,THU,06,30,49
5,2호선,봉천역,229,20221001,20221231,211,성수역,211-R,성수역,230,신림역,0,0,THU,06,40,51
5,2호선,봉천역,229,20221001,20221231,211,성수역,211-R,성수역,230,신림역,0,0,THU,06,50,65
6,2호선,봉천역,229,20221001,20221231,211,성수역,211-R,성수역,228,서울대입구역,1,0,THU,06,00,19
6,2호선,봉천역,229,20221001,20221231,211,성수역,211-R,성수역,228,서울대입구역,1,0,THU,06,10,14
6,2호선,봉천역,229,20221001,20221231,211,성수역,211-R,성수역,228,서울대입구역,1,0,THU,06,20,10
6,2호선,봉천역,229,20221001,20221231,211,성수역,211-R,성수역,228,서울대입구역,1,0,THU,06,30,12
6,2호선,봉천역,229,20221001,20221231,211,성수역,211-R,성수역,228,서울대입구역,1,0,THU,06,40,16
6,2호선,봉천역,229,20221001,20221231,211,성수역,211-R,성수역,228,서울대입구역,1,0,THU,06,50,23
11,2호선,봉천역,229,20221001,20221231,219,삼성역,211-R,성수역,228,서울대입구역,1,0,THU,06,00,22
11,2호선,봉천역,229,20221001,20221231,219,삼성역,211-R,성수역,228,서울대입구역,1,0,THU,06,10,11
15,2호선,봉천역,229,20221001,20221231,234,신도림역,211-R,성수역,230,신림역,0,0,THU,06,00,44
15,2호선,봉천역,229,20221001,20221231,234,신도림역,211-R,성수역,230,신림역,0,0,THU,06,10,44
15,2호선,봉천역,229,20221001,20221231,234,신도림역,211-R,성수역,230,신림역,0,0,THU,06,20,43
15,2호선,봉천역,229,20221001,20221231,234,신도림역,211-R,성수역,230,신림역,0,0,THU,06,30,37
15,2호선,봉천역,229,20221001,20221231,234,신도림역,211-R,성수역,230,신림역,0,0,THU,06,40,46
15,2호선,봉천역,229,20221001,20221231,234,신도림역,211-R,성수역,230,신림역,0,0,THU,06,50,65
17,2호선,봉천역,229,20221001,20221231,239,홍대입구역,211-R,성수역,230,신림역,0,0,THU,06,00,45
17,2호선,봉천역,229,20221001,20221231,239,홍대입구역,211-R,성수역,230,신림역,0,0,THU,06,10,22
3,2호선,봉천역,229,20221001,20221231,211,성수역,211,성수역,230,신림역,0,0,SUN,17,00,30
3,2호선,봉천역,229,20221001,20221231,211,성수역,211,성수역,230,신림역,0,0,SUN,17,10,29
3,2호선,봉천역,229,20221001,20221231,211,성수역,211,성수역,230,신림역,0,0,SUN,17,20,28
3,2호선,봉천역,229,20221001,20221231,211,성수역,211,성수역,230,신림역,0,0,SUN,17,30,28
3,2호선,봉천역,229,20221001,20221231,211,성수역,211,성수역,230,신림역,0,0,SUN,17,40,13
4,2호선,봉천역,229,20221001,20221231,211,성수역,211,성수역,228,서울대입구역,1,0,SUN,17,20,17
4,2호선,봉천역,229,20221001,20221231,211,성수역,211,성수역,228,서울대입구역,1,0,SUN,17,30,34
4,2호선,봉천역,229,20221001,20221231,211,성수역,211,성수역,228,서울대입구역,1,0,SUN,17,40,34
4,2호선,봉천역,229,20221001,20221231,211,성수역,211,성수역,228,서울대입구역,1,0,SUN,17,50,17
5,2호선,봉천역,229,20221001,20221231,211,성수역,211-R,성수역,230,신림역,0,0,SUN,17,00,34
5,2호선,봉천역,229,20221001,20221231,211,성수역,211-R,성수역,230,신림역,0,0,SUN,17,10,34
5,2호선,봉천역,229,20221001,20221231,211,성수역,211-R,성수역,230,신림역,0,0,SUN,17,20,35
5,2호선,봉천역,229,20221001,20221231,211,성수역,211-R,성수역,230,신림역,0,0,SUN,17,30,33
5,2호선,봉천역,229,20221001,20221231,211,성수역,211-R,성수역,230,신림역,0,0,SUN,17,40,33
5,2호선,봉천역,229,20221001,20221231,211,성수역,211-R,성수역,230,신림역,0,0,SUN,17,50,31
6,2호선,봉천역,229,20221001,20221231,211,성수역,211-R,성수역,228,서울대입구역,1,0,SUN,17,00,37
6,2호선,봉천역,229,20221001,20221231,211,성수역,211-R,성수역,228,서울대입구역,1,0,SUN,17,10,40
6,2호선,봉천역,229,20221001,20221231,211,성수역,211-R,성수역,228,서울대입구역,1,0,SUN,17,20,51
6,2호선,봉천역,229,20221001,20221231,211,성수역,211-R,성수역,228,서울대입구역,1,0,SUN,17,30,30
6,2호선,봉천역,229,20221001,20221231,211,성수역,211-R,성수역,228,서울대입구역,1,0,SUN,17,40,30
6,2호선,봉천역,229,20221001,20221231,211,성수역,211-R,성수역,228,서울대입구역,1,0,SUN,17,50,42
9,2호선,봉천역,229,20221001,20221231,211,성수역,234,신도림역,228,서울대입구역,1,0,SUN,17,00,15
9,2호선,봉천역,229,20221001,20221231,211,성수역,234,신도림역,228,서울대입구역,1,0,SUN,17,10,32
9,2호선,봉천역,229,20221001,20221231,211,성수역,234,신도림역,228,서울대입구역,1,0,SUN,17,20,28
9,2호선,봉천역,229,20221001,20221231,211,성수역,234,신도림역,228,서울대입구역,1,0,SUN,17,30,36
9,2호선,봉천역,229,20221001,20221231,211,성수역,234,신도림역,228,서울대입구역,1,0,SUN,17,40,36
9,2호선,봉천역,229,20221001,20221231,211,성수역,234,신도림역,228,서울대입구역,1,0,SUN,17,50,30
3,2호선,봉천역,229,20221001,20221231,211,성수역,211,성수역,230,신림역,0,0,MON,19,00,36
3,2호선,봉천역,229,20221001,20221231,211,성수역,211,성수역,230,신림역,0,0,MON,19,10,36
3,2호선,봉천역,229,20221001,20221231,211,성수역,211,성수역,230,신림역,0,0,MON,19,20,31
3,2호선,봉천역,229,20221001,20221231,211,성수역,211,성수역,230,신림역,0,0,MON,19,30,26
3,2호선,봉천역,229,20221001,20221231,211,성수역,211,성수역,230,신림역,0,0,MON,19,40,31
3,2호선,봉천역,229,20221001,20221231,211,성수역,211,성수역,230,신림역,0,0,MON,19,50,26
4,2호선,봉천역,229,20221001,20221231,211,성수역,211,성수역,228,서울대입구역,1,0,MON,19,00,110
4,2호선,봉천역,229,20221001,20221231,211,성수역,211,성수역,228,서울대입구역,1,0,MON,19,10,110
4,2호선,봉천역,229,20221001,20221231,211,성수역,211,성수역,228,서울대입구역,1,0,MON,19,20,91
4,2호선,봉천역,229,20221001,20221231,211,성수역,211,성수역,228,서울대입구역,1,0,MON,19,30,78
4,2호선,봉천역,229,20221001,20221231,211,성수역,211,성수역,228,서울대입구역,1,0,MON,19,40,67
4,2호선,봉천역,229,20221001,20221231,211,성수역,211,성수역,228,서울대입구역,1,0,MON,19,50,57
5,2호선,봉천역,229,20221001,20221231,211,성수역,211-R,성수역,230,신림역,0,0,MON,19,00,51
5,2호선,봉천역,229,20221001,20221231,211,성수역,211-R,성수역,230,신림역,0,0,MON,19,10,39
5,2호선,봉천역,229,20221001,20221231,211,성수역,211-R,성수역,230,신림역,0,0,MON,19,20,33
5,2호선,봉천역,229,20221001,20221231,211,성수역,211-R,성수역,230,신림역,0,0,MON,19,30,31
5,2호선,봉천역,229,20221001,20221231,211,성수역,211-R,성수역,230,신림역,0,0,MON,19,40,26
5,2호선,봉천역,229,20221001,20221231,211,성수역,211-R,성수역,230,신림역,0,0,MON,19,50,32
6,2호선,봉천역,229,20221001,20221231,211,성수역,211-R,성수역,228,서울대입구역,1,0,MON,19,00,125
6,2호선,봉천역,229,20221001,20221231,211,성수역,211-R,성수역,228,서울대입구역,1,0,MON,19,10,96
6,2호선,봉천역,229,20221001,20221231,211,성수역,211-R,성수역,228,서울대입구역,1,0,MON,19,20,93
6,2호선,봉천역,229,20221001,20221231,211,성수역,211-R,성수역,228,서울대입구역,1,0,MON,19,30,89
6,2호선,봉천역,229,20221001,20221231,211,성수역,211-R,성수역,228,서울대입구역,1,0,MON,19,40,59
6,2호선,봉천역,229,20221001,20221231,211,성수역,211-R,성수역,228,서울대입구역,1,0,MON,19,50,56
9,2호선,봉천역,229,20221001,20221231,211,성수역,234,신도림역,228,서울대입구역,1,0,MON,19,10,34
9,2호선,봉천역,229,20221001,20221231,211,성수역,234,신도림역,228,서울대입구역,1,0,MON,19,20,68
9,2호선,봉천역,229,20221001,20221231,211,성수역,234,신도림역,228,서울대입구역,1,0,MON,19,30,68
9,2호선,봉천역,229,20221001,20221231,211,성수역,234,신도림역,228,서울대입구역,1,0,MON,19,40,57
9,2호선,봉천역,229,20221001,20221231,211,성수역,234,신도림역,228,서울대입구역,1,0,MON,19,50,57
3,2호선,봉천역,229,20221001,20221231,211,성수역,211,성수역,230,신림역,0,0,SAT,09,00,68
3,2호선,봉천역,229,20221001,20221231,211,성수역,211,성수역,230,신림역,0,0,SAT,09,10,62
3,2호선,봉천역,229,20221001,20221231,211,성수역,211,성수역,230,신림역,0,0,SAT,09,20,57
3,2호선,봉천역,229,20221001,20221231,211,성수역,211,성수역,230,신림역,0,0,SAT,09,30,57
3,2호선,봉천역,229,20221001,20221231,211,성수역,211,성수역,230,신림역,0,0,SAT,09,40,28
4,2호선,봉천역,229,20221001,20221231,211,성수역,211,성수역,228,서울대입구역,1,0,SAT,09,00,8
4,2호선,봉천역,229,20221001,20221231,211,성수역,211,성수역,228,서울대입구역,1,0,SAT,09,10,16
4,2호선,봉천역,229,20221001,20221231,211,성수역,211,성수역,228,서울대입구역,1,0,SAT,09,20,16
4,2호선,봉천역,229,20221001,20221231,211,성수역,211,성수역,228,서울대입구역,1,0,SAT,09,30,24
4,2호선,봉천역,229,20221001,20221231,211,성수역,211,성수역,228,서울대입구역,1,0,SAT,09,40,24
4,2호선,봉천역,229,20221001,20221231,211,성수역,211,성수역,228,서울대입구역,1,0,SAT,09,50,17
5,2호선,봉천역,229,20221001,20221231,211,성수역,211-R,성수역,230,신림역,0,0,SAT,09,00,89
5,2호선,봉천역,229,20221001,20221231,211,성수역,211-R,성수역,230,신림역,0,0,SAT,09,10,76
5,2호선,봉천역,229,20221001,20221231,211,성수역,211-R,성수역,230,신림역,0,0,SAT,09,20,64
5,2호선,봉천역,229,20221001,20221231,211,성수역,211-R,성수역,230,신림역,0,0,SAT,09,30,67
5,2호선,봉천역,229,20221001,20221231,211,성수역,211-R,성수역,230,신림역,0,0,SAT,09,40,64
5,2호선,봉천역,229,20221001,20221231,211,성수역,211-R,성수역,230,신림역,0,0,SAT,09,50,59
6,2호선,봉천역,229,20221001,20221231,211,성수역,211-R,성수역,228,서울대입구역,1,0,SAT,09,00,16
6,2호선,봉천역,229,20221001,20221231,211,성수역,211-R,성수역,228,서울대입구역,1,0,SAT,09,10,21
6,2호선,봉천역,229,20221001,20221231,211,성수역,211-R,성수역,228,서울대입구역,1,0,SAT,09,20,21
6,2호선,봉천역,229,20221001,20221231,211,성수역,211-R,성수역,228,서울대입구역,1,0,SAT,09,30,25
6,2호선,봉천역,229,20221001,20221231,211,성수역,211-R,성수역,228,서울대입구역,1,0,SAT,09,40,25
6,2호선,봉천역,229,20221001,20221231,211,성수역,211-R,성수역,228,서울대입구역,1,0,SAT,09,50,17
15,2호선,봉천역,229,20221001,20221231,234,신도림역,211-R,성수역,230,신림역,0,0,SAT,09,00,32
15,2호선,봉천역,229,20221001,20221231,234,신도림역,211-R,성수역,230,신림역,0,0,SAT,09,10,24
15,2호선,봉천역,229,20221001,20221231,234,신도림역,211-R,성수역,230,신림역,0,0,SAT,09,20,24
15,2호선,봉천역,229,20221001,20221231,234,신도림역,211-R,성수역,230,신림역,0,0,SAT,09,30,11
15,2호선,봉천역,229,20221001,20221231,234,신도림역,211-R,성수역,230,신림역,0,0,SAT,09,40,23
15,2호선,봉천역,229,20221001,20221231,234,신도림역,211-R,성수역,230,신림역,0,0,SAT,09,50,47
5,2호선,봉천역,229,20221001,20221231,211,성수역,211-R,성수역,230,신림역,0,0,TUE,17,00,35
5,2호선,봉천역,229,20221001,20221231,211,성수역,211-R,성수역,230,신림역,0,0,TUE,17,10,45
5,2호선,봉천역,229,20221001,20221231,211,성수역,211-R,성수역,230,신림역,0,0,TUE,17,20,54
5,2호선,봉천역,229,20221001,20221231,211,성수역,211-R,성수역,230,신림역,0,0,TUE,17,30,56
5,2호선,봉천역,229,20221001,20221231,211,성수역,211-R,성수역,230,신림역,0,0,TUE,17,40,57
5,2호선,봉천역,229,20221001,20221231,211,성수역,211-R,성수역,230,신림역,0,0,TUE,17,50,51
6,2호선,봉천역,229,20221001,20221231,211,성수역,211-R,성수역,228,서울대입구역,1,0,TUE,17,00,73
6,2호선,봉천역,229,20221001,20221231,211,성수역,211-R,성수역,228,서울대입구역,1,0,TUE,17,10,90
6,2호선,봉천역,229,20221001,20221231,211,성수역,211-R,성수역,228,서울대입구역,1,0,TUE,17,20,124
6,2호선,봉천역,229,20221001,20221231,211,성수역,211-R,성수역,228,서울대입구역,1,0,TUE,17,30,139
6,2호선,봉천역,229,20221001,20221231,211,성수역,211-R,성수역,228,서울대입구역,1,0,TUE,17,40,124
6,2호선,봉천역,229,20221001,20221231,211,성수역,211-R,성수역,228,서울대입구역,1,0,TUE,17,50,116
15,2호선,봉천역,229,20221001,20221231,234,신도림역,211-R,성수역,230,신림역,0,0,TUE,17,00,16
15,2호선,봉천역,229,20221001,20221231,234,신도림역,211-R,성수역,230,신림역,0,0,TUE,17,10,8
15,2호선,봉천역,229,20221001,20221231,234,신도림역,211-R,성수역,230,신림역,0,0,TUE,17,30,15
15,2호선,봉천역,229,20221001,20221231,234,신도림역,211-R,성수역,230,신림역,0,0,TUE,17,40,31
15,2호선,봉천역,229,20221001,20221231,234,신도림역,211-R,성수역,230,신림역,0,0,TUE,17,50,16
5,2호선,봉천역,229,20221001,20221231,211,성수역,211-R,성수역,230,신림역,0,0,WED,17,00,39
5,2호선,봉천역,229,20221001,20221231,211,성수역,211-R,성수역,230,신림역,0,0,WED,17,10,44
5,2호선,봉천역,229,20221001,20221231,211,성수역,211-R,성수역,230,신림역,0,0,WED,17,20,56
5,2호선,봉천역,229,20221001,20221231,211,성수역,211-R,성수역,230,신림역,0,0,WED,17,30,54
5,2호선,봉천역,229,20221001,20221231,211,성수역,211-R,성수역,230,신림역,0,0,WED,17,40,65
5,2호선,봉천역,229,20221001,20221231,211,성수역,211-R,성수역,230,신림역,0,0,WED,17,50,48
6,2호선,봉천역,229,20221001,20221231,211,성수역,211-R,성수역,228,서울대입구역,1,0,WED,17,00,83
6,2호선,봉천역,229,20221001,20221231,211,성수역,211-R,성수역,228,서울대입구역,1,0,WED,17,10,98
6,2호선,봉천역,229,20221001,20221231,211,성수역,211-R,성수역,228,서울대입구역,1,0,WED,17,20,115
6,2호선,봉천역,229,20221001,20221231,211,성수역,211-R,성수역,228,서울대입구역,1,0,WED,17,30,138
6,2호선,봉천역,229,20221001,20221231,211,성수역,211-R,성수역,228,서울대입구역,1,0,WED,17,40,130
6,2호선,봉천역,229,20221001,20221231,211,성수역,211-R,성수역,228,서울대입구역,1,0,WED,17,50,119
15,2호선,봉천역,229,20221001,20221231,234,신도림역,211-R,성수역,230,신림역,0,0,WED,17,30,12
15,2호선,봉천역,229,20221001,20221231,234,신도림역,211-R,성수역,230,신림역,0,0,WED,17,40,25
15,2호선,봉천역,229,20221001,20221231,234,신도림역,211-R,성수역,230,신림역,0,0,WED,17,50,25
3,2호선,봉천역,229,20221001,20221231,211,성수역,211,성수역,230,신림역,0,0,FRI,18,50,14
4,2호선,봉천역,229,20221001,20221231,211,성수역,211,성수역,228,서울대입구역,1,0,FRI,18,00,63
4,2호선,봉천역,229,20221001,20221231,211,성수역,211,성수역,228,서울대입구역,1,0,FRI,18,10,126
4,2호선,봉천역,229,20221001,20221231,211,성수역,211,성수역,228,서울대입구역,1,0,FRI,18,20,126
4,2호선,봉천역,229,20221001,20221231,211,성수역,211,성수역,228,서울대입구역,1,0,FRI,18,30,126
4,2호선,봉천역,229,20221001,20221231,211,성수역,211,성수역,228,서울대입구역,1,0,FRI,18,40,63
4,2호선,봉천역,229,20221001,20221231,211,성수역,211,성수역,228,서울대입구역,1,0,FRI,18,50,40
5,2호선,봉천역,229,20221001,20221231,211,성수역,211-R,성수역,230,신림역,0,0,FRI,18,00,58
5,2호선,봉천역,229,20221001,20221231,211,성수역,211-R,성수역,230,신림역,0,0,FRI,18,10,61
5,2호선,봉천역,229,20221001,20221231,211,성수역,211-R,성수역,230,신림역,0,0,FRI,18,20,78
5,2호선,봉천역,229,20221001,20221231,211,성수역,211-R,성수역,230,신림역,0,0,FRI,18,30,82
5,2호선,봉천역,229,20221001,20221231,211,성수역,211-R,성수역,230,신림역,0,0,FRI,18,40,76
5,2호선,봉천역,229,20221001,20221231,211,성수역,211-R,성수역,230,신림역,0,0,FRI,18,50,83
6,2호선,봉천역,229,20221001,20221231,211,성수역,211-R,성수역,228,서울대입구역,1,0,FRI,18,00,122
6,2호선,봉천역,229,20221001,20221231,211,성수역,211-R,성수역,228,서울대입구역,1,0,FRI,18,10,125
6,2호선,봉천역,229,20221001,20221231,211,성수역,211-R,성수역,228,서울대입구역,1,0,FRI,18,20,128
6,2호선,봉천역,229,20221001,20221231,211,성수역,211-R,성수역,228,서울대입구역,1,0,FRI,18,30,147
6,2호선,봉천역,229,20221001,20221231,211,성수역,211-R,성수역,228,서울대입구역,1,0,FRI,18,40,143
6,2호선,봉천역,229,20221001,20221231,211,성수역,211-R,성수역,228,서울대입구역,1,0,FRI,18,50,134
15,2호선,봉천역,229,20221001,20221231,234,신도림역,211-R,성수역,230,신림역,0,0,FRI,18,00,28
15,2호선,봉천역,229,20221001,20221231,234,신도림역,211-R,성수역,230,신림역,0,0,FRI,18,10,13
3,2호선,봉천역,229,20221001,20221231,211,성수역,211,성수역,230,신림역,0,0,FRI,19,00,29
3,2호선,봉천역,229,20221001,20221231,211,성수역,211,성수역,230,신림역,0,0,FRI,19,10,29
3,2호선,봉천역,229,20221001,20221231,211,성수역,211,성수역,230,신림역,0,0,FRI,19,20,41
3,2호선,봉천역,229,20221001,20221231,211,성수역,211,성수역,230,신림역,0,0,FRI,19,30,25
3,2호선,봉천역,229,20221001,20221231,211,성수역,211,성수역,230,신림역,0,0,FRI,19,40,27
3,2호선,봉천역,229,20221001,20221231,211,성수역,211,성수역,230,신림역,0,0,FRI,19,50,29
4,2호선,봉천역,229,20221001,20221231,211,성수역,211,성수역,228,서울대입구역,1,0,FRI,19,00,80
4,2호선,봉천역,229,20221001,20221231,211,성수역,211,성수역,228,서울대입구역,1,0,FRI,19,10,80
4,2호선,봉천역,229,20221001,20221231,211,성수역,211,성수역,228,서울대입구역,1,0,FRI,19,20,80
4,2호선,봉천역,229,20221001,20221231,211,성수역,211,성수역,228,서울대입구역,1,0,FRI,19,30,77
4,2호선,봉천역,229,20221001,20221231,211,성수역,211,성수역,228,서울대입구역,1,0,FRI,19,40,50
4,2호선,봉천역,229,20221001,20221231,211,성수역,211,성수역,228,서울대입구역,1,0,FRI,19,50,45
5,2호선,봉천역,229,20221001,20221231,211,성수역,211-R,성수역,230,신림역,0,0,FRI,19,00,64
5,2호선,봉천역,229,20221001,20221231,211,성수역,211-R,성수역,230,신림역,0,0,FRI,19,10,48
5,2호선,봉천역,229,20221001,20221231,211,성수역,211-R,성수역,230,신림역,0,0,FRI,19,20,39
5,2호선,봉천역,229,20221001,20221231,211,성수역,211-R,성수역,230,신림역,0,0,FRI,19,30,34
5,2호선,봉천역,229,20221001,20221231,211,성수역,211-R,성수역,230,신림역,0,0,FRI,19,40,31
5,2호선,봉천역,229,20221001,20221231,211,성수역,211-R,성수역,230,신림역,0,0,FRI,19,50,28
6,2호선,봉천역,229,20221001,20221231,211,성수역,211-R,성수역,228,서울대입구역,1,0,FRI,19,00,115
6,2호선,봉천역,229,20221001,20221231,211,성수역,211-R,성수역,228,서울대입구역,1,0,FRI,19,10,93
6,2호선,봉천역,229,20221001,20221231,211,성수역,211-R,성수역,228,서울대입구역,1,0,FRI,19,20,78
6,2호선,봉천역,229,20221001,20221231,211,성수역,211-R,성수역,228,서울대입구역,1,0,FRI,19,30,80
6,2호선,봉천역,229,20221001,20221231,211,성수역,211-R,성수역,228,서울대입구역,1,0,FRI,19,40,60
6,2호선,봉천역,229,20221001,20221231,211,성수역,211-R,성수역,228,서울대입구역,1,0,FRI,19,50,53
9,2호선,봉천역,229,20221001,20221231,211,성수역,234,신도림역,228,서울대입구역,1,0,FRI,19,20,26
9,2호선,봉천역,229,20221001,20221231,211,성수역,234,신도림역,228,서울대입구역,1,0,FRI,19,30,52
9,2호선,봉천역,229,20221001,20221231,211,성수역,234,신도림역,228,서울대입구역,1,0,FRI,19,40,52
9,2호선,봉천역,229,20221001,20221231,211,성수역,234,신도림역,228,서울대입구역,1,0,FRI,19,50,57
5,2호선,봉천역,229,20221001,20221231,211,성수역,211-R,성수역,230,신림역,0,0,WED,16,00,35
5,2호선,봉천역,229,20221001,20221231,211,성수역,211-R,성수역,230,신림역,0,0,WED,16,10,38
5,2호선,봉천역,229,20221001,20221231,211,성수역,211-R,성수역,230,신림역,0,0,WED,16,20,47
5,2호선,봉천역,229,20221001,20221231,211,성수역,211-R,성수역,230,신림역,0,0,WED,16,30,41
5,2호선,봉천역,229,20221001,20221231,211,성수역,211-R,성수역,230,신림역,0,0,WED,16,40,42
5,2호선,봉천역,229,20221001,20221231,211,성수역,211-R,성수역,230,신림역,0,0,WED,16,50,46
6,2호선,봉천역,229,20221001,20221231,211,성수역,211-R,성수역,228,서울대입구역,1,0,WED,16,00,60
6,2호선,봉천역,229,20221001,20221231,211,성수역,211-R,성수역,228,서울대입구역,1,0,WED,16,10,69
6,2호선,봉천역,229,20221001,20221231,211,성수역,211-R,성수역,228,서울대입구역,1,0,WED,16,20,91
6,2호선,봉천역,229,20221001,20221231,211,성수역,211-R,성수역,228,서울대입구역,1,0,WED,16,30,79
6,2호선,봉천역,229,20221001,20221231,211,성수역,211-R,성수역,228,서울대입구역,1,0,WED,16,40,81
6,2호선,봉천역,229,20221001,20221231,211,성수역,211-R,성수역,228,서울대입구역,1,0,WED,16,50,76
13,2호선,봉천역,229,20221001,20221231,228,서울대입구역,211-R,성수역,228,서울대입구역,1,0,WED,16,00,45
15,2호선,봉천역,229,20221001,20221231,234,신도림역,211-R,성수역,230,신림역,0,0,WED,16,20,9
15,2호선,봉천역,229,20221001,20221231,234,신도림역,211-R,성수역,230,신림역,0,0,WED,16,30,18
15,2호선,봉천역,229,20221001,20221231,234,신도림역,211-R,성수역,230,신림역,0,0,WED,16,40,12
15,2호선,봉천역,229,20221001,20221231,234,신도림역,211-R,성수역,230,신림역,0,0,WED,16,50,6
5,2호선,봉천역,229,20221001,20221231,211,성수역,211-R,성수역,230,신림역,0,0,TUE,16,00,34
5,2호선,봉천역,229,20221001,20221231,211,성수역,211-R,성수역,230,신림역,0,0,TUE,16,10,42
5,2호선,봉천역,229,20221001,20221231,211,성수역,211-R,성수역,230,신림역,0,0,TUE,16,20,46
5,2호선,봉천역,229,20221001,20221231,211,성수역,211-R,성수역,230,신림역,0,0,TUE,16,30,42
5,2호선,봉천역,229,20221001,20221231,211,성수역,211-R,성수역,230,신림역,0,0,TUE,16,40,37
5,2호선,봉천역,229,20221001,20221231,211,성수역,211-R,성수역,230,신림역,0,0,TUE,16,50,39
6,2호선,봉천역,229,20221001,20221231,211,성수역,211-R,성수역,228,서울대입구역,1,0,TUE,16,00,64
6,2호선,봉천역,229,20221001,20221231,211,성수역,211-R,성수역,228,서울대입구역,1,0,TUE,16,10,67
6,2호선,봉천역,229,20221001,20221231,211,성수역,211-R,성수역,228,서울대입구역,1,0,TUE,16,20,84
6,2호선,봉천역,229,20221001,20221231,211,성수역,211-R,성수역,228,서울대입구역,1,0,TUE,16,30,91
6,2호선,봉천역,229,20221001,20221231,211,성수역,211-R,성수역,228,서울대입구역,1,0,TUE,16,40,73
6,2호선,봉천역,229,20221001,20221231,211,성수역,211-R,성수역,228,서울대입구역,1,0,TUE,16,50,74
15,2호선,봉천역,229,20221001,20221231,234,신도림역,211-R,성수역,230,신림역,0,0,TUE,16,20,7
15,2호선,봉천역,229,20221001,20221231,234,신도림역,211-R,성수역,230,신림역,0,0,TUE,16,30,14
15,2호선,봉천역,229,20221001,20221231,234,신도림역,211-R,성수역,230,신림역,0,0,TUE,16,40,14
15,2호선,봉천역,229,20221001,20221231,234,신도림역,211-R,성수역,230,신림역,0,0,TUE,16,50,16
3,2호선,봉천역,229,20221001,20221231,211,성수역,211,성수역,230,신림역,0,0,SAT,08,00,49
3,2호선,봉천역,229,20221001,20221231,211,성수역,211,성수역,230,신림역,0,0,SAT,08,10,49
3,2호선,봉천역,229,20221001,20221231,211,성수역,211,성수역,230,신림역,0,0,SAT,08,20,50
3,2호선,봉천역,229,20221001,20221231,211,성수역,211,성수역,230,신림역,0,0,SAT,08,30,52
3,2호선,봉천역,229,20221001,20221231,211,성수역,211,성수역,230,신림역,0,0,SAT,08,40,54
3,2호선,봉천역,229,20221001,20221231,211,성수역,211,성수역,230,신림역,0,0,SAT,08,50,56
5,2호선,봉천역,229,20221001,20221231,211,성수역,211-R,성수역,230,신림역,0,0,SAT,08,00,40
5,2호선,봉천역,229,20221001,20221231,211,성수역,211-R,성수역,230,신림역,0,0,SAT,08,10,59
5,2호선,봉천역,229,20221001,20221231,211,성수역,211-R,성수역,230,신림역,0,0,SAT,08,20,52
5,2호선,봉천역,229,20221001,20221231,211,성수역,211-R,성수역,230,신림역,0,0,SAT,08,30,67
5,2호선,봉천역,229,20221001,20221231,211,성수역,211-R,성수역,230,신림역,0,0,SAT,08,40,62
5,2호선,봉천역,229,20221001,20221231,211,성수역,211-R,성수역,230,신림역,0,0,SAT,08,50,49
6,2호선,봉천역,229,20221001,20221231,211,성수역,211-R,성수역,228,서울대입구역,1,0,SAT,08,00,14
6,2호선,봉천역,229,20221001,20221231,211,성수역,211-R,성수역,228,서울대입구역,1,0,SAT,08,10,15
6,2호선,봉천역,229,20221001,20221231,211,성수역,211-R,성수역,228,서울대입구역,1,0,SAT,08,20,16
6,2호선,봉천역,229,20221001,20221231,211,성수역,211-R,성수역,228,서울대입구역,1,0,SAT,08,30,19
6,2호선,봉천역,229,20221001,20221231,211,성수역,211-R,성수역,228,서울대입구역,1,0,SAT,08,40,15
6,2호선,봉천역,229,20221001,20221231,211,성수역,211-R,성수역,228,서울대입구역,1,0,SAT,08,50,17
15,2호선,봉천역,229,20221001,20221231,234,신도림역,211-R,성수역,230,신림역,0,0,SAT,08,00,21
15,2호선,봉천역,229,20221001,20221231,234,신도림역,211-R,성수역,230,신림역,0,0,SAT,08,10,21
15,2호선,봉천역,229,20221001,20221231,234,신도림역,211-R,성수역,230,신림역,0,0,SAT,08,20,26
15,2호선,봉천역,229,20221001,20221231,234,신도림역,211-R,성수역,230,신림역,0,0,SAT,08,30,32
15,2호선,봉천역,229,20221001,20221231,234,신도림역,211-R,성수역,230,신림역,0,0,SAT,08,40,32
15,2호선,봉천역,229,20221001,20221231,234,신도림역,211-R,성수역,230,신림역,0,0,SAT,08,50,52
3,2호선,봉천역,229,20221001,20221231,211,성수역,211,성수역,230,신림역,0,0,MON,18,50,18
4,2호선,봉천역,229,20221001,20221231,211,성수역,211,성수역,228,서울대입구역,1,0,MON,18,50,55
5,2호선,봉천역,229,20221001,20221231,211,성수역,211-R,성수역,230,신림역,0,0,MON,18,00,48
5,2호선,봉천역,229,20221001,20221231,211,성수역,211-R,성수역,230,신림역,0,0,MON,18,10,56
5,2호선,봉천역,229,20221001,20221231,211,성수역,211-R,성수역,230,신림역,0,0,MON,18,20,62
5,2호선,봉천역,229,20221001,20221231,211,성수역,211-R,성수역,230,신림역,0,0,MON,18,30,80
5,2호선,봉천역,229,20221001,20221231,211,성수역,211-R,성수역,230,신림역,0,0,MON,18,40,75
5,2호선,봉천역,229,20221001,20221231,211,성수역,211-R,성수역,230,신림역,0,0,MON,18,50,62
6,2호선,봉천역,229,20221001,20221231,211,성수역,211-R,성수역,228,서울대입구역,1,0,MON,18,00,110
6,2호선,봉천역,229,20221001,20221231,211,성수역,211-R,성수역,228,서울대입구역,1,0,MON,18,10,120
6,2호선,봉천역,229,20221001,20221231,211,성수역,211-R,성수역,228,서울대입구역,1,0,MON,18,20,133
6,2호선,봉천역,229,20221001,20221231,211,성수역,211-R,성수역,228,서울대입구역,1,0,MON,18,30,154
6,2호선,봉천역,229,20221001,20221231,211,성수역,211-R,성수역,228,서울대입구역,1,0,MON,18,40,150
6,2호선,봉천역,229,20221001,20221231,211,성수역,211-R,성수역,228,서울대입구역,1,0,MON,18,50,139
15,2호선,봉천역,229,20221001,20221231,234,신도림역,211-R,성수역,230,신림역,0,0,MON,18,00,11
3,2호선,봉천역,229,20221001,20221231,211,성수역,211,성수역,230,신림역,0,0,SUN,16,00,36
3,2호선,봉천역,229,20221001,20221231,211,성수역,211,성수역,230,신림역,0,0,SUN,16,10,18
3,2호선,봉천역,229,20221001,20221231,211,성수역,211,성수역,230,신림역,0,0,SUN,16,40,14
3,2호선,봉천역,229,20221001,20221231,211,성수역,211,성수역,230,신림역,0,0,SUN,16,50,30
5,2호선,봉천역,229,20221001,20221231,211,성수역,211-R,성수역,230,신림역,0,0,SUN,16,00,35
5,2호선,봉천역,229,20221001,20221231,211,성수역,211-R,성수역,230,신림역,0,0,SUN,16,10,48
5,2호선,봉천역,229,20221001,20221231,211,성수역,211-R,성수역,230,신림역,0,0,SUN,16,20,44
5,2호선,봉천역,229,20221001,20221231,211,성수역,211-R,성수역,230,신림역,0,0,SUN,16,30,35
5,2호선,봉천역,229,20221001,20221231,211,성수역,211-R,성수역,230,신림역,0,0,SUN,16,40,46
5,2호선,봉천역,229,20221001,20221231,211,성수역,211-R,성수역,230,신림역,0,0,SUN,16,50,39
6,2호선,봉천역,229,20221001,20221231,211,성수역,211-R,성수역,228,서울대입구역,1,0,SUN,16,00,43
6,2호선,봉천역,229,20221001,20221231,211,성수역,211-R,성수역,228,서울대입구역,1,0,SUN,16,10,39
6,2호선,봉천역,229,20221001,20221231,211,성수역,211-R,성수역,228,서울대입구역,1,0,SUN,16,20,44
6,2호선,봉천역,229,20221001,20221231,211,성수역,211-R,성수역,228,서울대입구역,1,0,SUN,16,30,37
6,2호선,봉천역,229,20221001,20221231,211,성수역,211-R,성수역,228,서울대입구역,1,0,SUN,16,40,39
6,2호선,봉천역,229,20221001,20221231,211,성수역,211-R,성수역,228,서울대입구역,1,0,SUN,16,50,42
9,2호선,봉천역,229,20221001,20221231,211,성수역,234,신도림역,228,서울대입구역,1,0,SUN,16,00,24
9,2호선,봉천역,229,20221001,20221231,211,성수역,234,신도림역,228,서울대입구역,1,0,SUN,16,10,11
15,2호선,봉천역,229,20221001,20221231,234,신도림역,211-R,성수역,230,신림역,0,0,SUN,16,00,31
15,2호선,봉천역,229,20221001,20221231,234,신도림역,211-R,성수역,230,신림역,0,0,SUN,16,10,31
15,2호선,봉천역,229,20221001,20221231,234,신도림역,211-R,성수역,230,신림역,0,0,SUN,16,20,27
15,2호선,봉천역,229,20221001,20221231,234,신도림역,211-R,성수역,230,신림역,0,0,SUN,16,30,27
15,2호선,봉천역,229,20221001,20221231,234,신도림역,211-R,성수역,230,신림역,0,0,SUN,16,40,13
5,2호선,봉천역,229,20221001,20221231,211,성수역,211-R,성수역,230,신림역,0,0,THU,07,00,79
5,2호선,봉천역,229,20221001,20221231,211,성수역,211-R,성수역,230,신림역,0,0,THU,07,10,89
5,2호선,봉천역,229,20221001,20221231,211,성수역,211-R,성수역,230,신림역,0,0,THU,07,20,95
5,2호선,봉천역,229,20221001,20221231,211,성수역,211-R,성수역,230,신림역,0,0,THU,07,30,97
5,2호선,봉천역,229,20221001,20221231,211,성수역,211-R,성수역,230,신림역,0,0,THU,07,40,112
5,2호선,봉천역,229,20221001,20221231,211,성수역,211-R,성수역,230,신림역,0,0,THU,07,50,141
6,2호선,봉천역,229,20221001,20221231,211,성수역,211-R,성수역,228,서울대입구역,1,0,THU,07,00,17
6,2호선,봉천역,229,20221001,20221231,211,성수역,211-R,성수역,228,서울대입구역,1,0,THU,07,10,27
6,2호선,봉천역,229,20221001,20221231,211,성수역,211-R,성수역,228,서울대입구역,1,0,THU,07,20,33
6,2호선,봉천역,229,20221001,20221231,211,성수역,211-R,성수역,228,서울대입구역,1,0,THU,07,30,32
6,2호선,봉천역,229,20221001,20221231,211,성수역,211-R,성수역,228,서울대입구역,1,0,THU,07,40,33
6,2호선,봉천역,229,20221001,20221231,211,성수역,211-R,성수역,228,서울대입구역,1,0,THU,07,50,41
15,2호선,봉천역,229,20221001,20221231,234,신도림역,211-R,성수역,230,신림역,0,0,THU,07,00,77
15,2호선,봉천역,229,20221001,20221231,234,신도림역,211-R,성수역,230,신림역,0,0,THU,07,10,77
15,2호선,봉천역,229,20221001,20221231,234,신도림역,211-R,성수역,230,신림역,0,0,THU,07,20,77
15,2호선,봉천역,229,20221001,20221231,234,신도림역,211-R,성수역,230,신림역,0,0,THU,07,30,81
15,2호선,봉천역,229,20221001,20221231,234,신도림역,211-R,성수역,230,신림역,0,0,THU,07,40,107
15,2호선,봉천역,229,20221001,20221231,234,신도림역,211-R,성수역,230,신림역,0,0,THU,07,50,119
5,2호선,봉천역,229,20221001,20221231,211,성수역,211-R,성수역,230,신림역,0,0,FRI,16,00,50
5,2호선,봉천역,229,20221001,20221231,211,성수역,211-R,성수역,230,신림역,0,0,FRI,16,10,44
5,2호선,봉천역,229,20221001,20221231,211,성수역,211-R,성수역,230,신림역,0,0,FRI,16,20,54
5,2호선,봉천역,229,20221001,20221231,211,성수역,211-R,성수역,230,신림역,0,0,FRI,16,30,51
5,2호선,봉천역,229,20221001,20221231,211,성수역,211-R,성수역,230,신림역,0,0,FRI,16,40,46
5,2호선,봉천역,229,20221001,20221231,211,성수역,211-R,성수역,230,신림역,0,0,FRI,16,50,51
6,2호선,봉천역,229,20221001,20221231,211,성수역,211-R,성수역,228,서울대입구역,1,0,FRI,16,00,74
6,2호선,봉천역,229,20221001,20221231,211,성수역,211-R,성수역,228,서울대입구역,1,0,FRI,16,10,81
6,2호선,봉천역,229,20221001,20221231,211,성수역,211-R,성수역,228,서울대입구역,1,0,FRI,16,20,93
6,2호선,봉천역,229,20221001,20221231,211,성수역,211-R,성수역,228,서울대입구역,1,0,FRI,16,30,101
6,2호선,봉천역,229,20221001,20221231,211,성수역,211-R,성수역,228,서울대입구역,1,0,FRI,16,40,97
6,2호선,봉천역,229,20221001,20221231,211,성수역,211-R,성수역,228,서울대입구역,1,0,FRI,16,50,82
15,2호선,봉천역,229,20221001,20221231,234,신도림역,211-R,성수역,230,신림역,0,0,FRI,16,20,10
15,2호선,봉천역,229,20221001,20221231,234,신도림역,211-R,성수역,230,신림역,0,0,FRI,16,30,20
15,2호선,봉천역,229,20221001,20221231,234,신도림역,211-R,성수역,230,신림역,0,0,FRI,16,40,16
15,2호선,봉천역,229,20221001,20221231,234,신도림역,211-R,성수역,230,신림역,0,0,FRI,16,50,11
3,2호선,봉천역,229,20221001,20221231,211,성수역,211,성수역,230,신림역,0,0,WED,19,00,17
3,2호선,봉천역,229,20221001,20221231,211,성수역,211,성수역,230,신림역,0,0,WED,19,10,34
3,2호선,봉천역,229,20221001,20221231,211,성수역,211,성수역,230,신림역,0,0,WED,19,20,34
3,2호선,봉천역,229,20221001,20221231,211,성수역,211,성수역,230,신림역,0,0,WED,19,30,27
3,2호선,봉천역,229,20221001,20221231,211,성수역,211,성수역,230,신림역,0,0,WED,19,40,24
3,2호선,봉천역,229,20221001,20221231,211,성수역,211,성수역,230,신림역,0,0,WED,19,50,25
4,2호선,봉천역,229,20221001,20221231,211,성수역,211,성수역,228,서울대입구역,1,0,WED,19,00,116
4,2호선,봉천역,229,20221001,20221231,211,성수역,211,성수역,228,서울대입구역,1,0,WED,19,10,95
4,2호선,봉천역,229,20221001,20221231,211,성수역,211,성수역,228,서울대입구역,1,0,WED,19,20,89
4,2호선,봉천역,229,20221001,20221231,211,성수역,211,성수역,228,서울대입구역,1,0,WED,19,30,114
4,2호선,봉천역,229,20221001,20221231,211,성수역,211,성수역,228,서울대입구역,1,0,WED,19,40,50
4,2호선,봉천역,229,20221001,20221231,211,성수역,211,성수역,228,서울대입구역,1,0,WED,19,50,69
5,2호선,봉천역,229,20221001,20221231,211,성수역,211-R,성수역,230,신림역,0,0,WED,19,00,56
5,2호선,봉천역,229,20221001,20221231,211,성수역,211-R,성수역,230,신림역,0,0,WED,19,10,41
5,2호선,봉천역,229,20221001,20221231,211,성수역,211-R,성수역,230,신림역,0,0,WED,19,20,40
5,2호선,봉천역,229,20221001,20221231,211,성수역,211-R,성수역,230,신림역,0,0,WED,19,30,30
5,2호선,봉천역,229,20221001,20221231,211,성수역,211-R,성수역,230,신림역,0,0,WED,19,40,35
5,2호선,봉천역,229,20221001,20221231,211,성수역,211-R,성수역,230,신림역,0,0,WED,19,50,30
6,2호선,봉천역,229,20221001,20221231,211,성수역,211-R,성수역,228,서울대입구역,1,0,WED,19,00,122
6,2호선,봉천역,229,20221001,20221231,211,성수역,211-R,성수역,228,서울대입구역,1,0,WED,19,10,104
6,2호선,봉천역,229,20221001,20221231,211,성수역,211-R,성수역,228,서울대입구역,1,0,WED,19,20,86
6,2호선,봉천역,229,20221001,20221231,211,성수역,211-R,성수역,228,서울대입구역,1,0,WED,19,30,95
6,2호선,봉천역,229,20221001,20221231,211,성수역,211-R,성수역,228,서울대입구역,1,0,WED,19,40,85
6,2호선,봉천역,229,20221001,20221231,211,성수역,211-R,성수역,228,서울대입구역,1,0,WED,19,50,59
9,2호선,봉천역,229,20221001,20221231,211,성수역,234,신도림역,228,서울대입구역,1,0,WED,19,10,42
9,2호선,봉천역,229,20221001,20221231,211,성수역,234,신도림역,228,서울대입구역,1,0,WED,19,20,84
9,2호선,봉천역,229,20221001,20221231,211,성수역,234,신도림역,228,서울대입구역,1,0,WED,19,30,84
9,2호선,봉천역,229,20221001,20221231,211,성수역,234,신도림역,228,서울대입구역,1,0,WED,19,40,66
9,2호선,봉천역,229,20221001,20221231,211,성수역,234,신도림역,228,서울대입구역,1,0,WED,19,50,66
3,2호선,봉천역,229,20221001,20221231,211,성수역,211,성수역,230,신림역,0,0,TUE,19,00,22
3,2호선,봉천역,229,20221001,20221231,211,성수역,211,성수역,230,신림역,0,0,TUE,19,10,45
3,2호선,봉천역,229,20221001,20221231,211,성수역,211,성수역,230,신림역,0,0,TUE,19,20,36
3,2호선,봉천역,229,20221001,20221231,211,성수역,211,성수역,230,신림역,0,0,TUE,19,30,28
3,2호선,봉천역,229,20221001,20221231,211,성수역,211,성수역,230,신림역,0,0,TUE,19,40,32
3,2호선,봉천역,229,20221001,20221231,211,성수역,211,성수역,230,신림역,0,0,TUE,19,50,26
4,2호선,봉천역,229,20221001,20221231,211,성수역,211,성수역,228,서울대입구역,1,0,TUE,19,00,107
4,2호선,봉천역,229,20221001,20221231,211,성수역,211,성수역,228,서울대입구역,1,0,TUE,19,10,105
4,2호선,봉천역,229,20221001,20221231,211,성수역,211,성수역,228,서울대입구역,1,0,TUE,19,20,86
4,2호선,봉천역,229,20221001,20221231,211,성수역,211,성수역,228,서울대입구역,1,0,TUE,19,30,92
4,2호선,봉천역,229,20221001,20221231,211,성수역,211,성수역,228,서울대입구역,1,0,TUE,19,40,55
4,2호선,봉천역,229,20221001,20221231,211,성수역,211,성수역,228,서울대입구역,1,0,TUE,19,50,45
5,2호선,봉천역,229,20221001,20221231,211,성수역,211-R,성수역,230,신림역,0,0,TUE,19,00,63
5,2호선,봉천역,229,20221001,20221231,211,성수역,211-R,성수역,230,신림역,0,0,TUE,19,10,44
5,2호선,봉천역,229,20221001,20221231,211,성수역,211-R,성수역,230,신림역,0,0,TUE,19,20,33
5,2호선,봉천역,229,20221001,20221231,211,성수역,211-R,성수역,230,신림역,0,0,TUE,19,30,31
5,2호선,봉천역,229,20221001,20221231,211,성수역,211-R,성수역,230,신림역,0,0,TUE,19,40,25
5,2호선,봉천역,229,20221001,20221231,211,성수역,211-R,성수역,230,신림역,0,0,TUE,19,50,28
6,2호선,봉천역,229,20221001,20221231,211,성수역,211-R,성수역,228,서울대입구역,1,0,TUE,19,00,126
6,2호선,봉천역,229,20221001,20221231,211,성수역,211-R,성수역,228,서울대입구역,1,0,TUE,19,10,104
6,2호선,봉천역,229,20221001,20221231,211,성수역,211-R,성수역,228,서울대입구역,1,0,TUE,19,20,85
6,2호선,봉천역,229,20221001,20221231,211,성수역,211-R,성수역,228,서울대입구역,1,0,TUE,19,30,94
6,2호선,봉천역,229,20221001,20221231,211,성수역,211-R,성수역,228,서울대입구역,1,0,TUE,19,40,68
6,2호선,봉천역,229,20221001,20221231,211,성수역,211-R,성수역,228,서울대입구역,1,0,TUE,19,50,58
9,2호선,봉천역,229,20221001,20221231,211,성수역,234,신도림역,228,서울대입구역,1,0,TUE,19,10,31
9,2호선,봉천역,229,20221001,20221231,211,성수역,234,신도림역,228,서울대입구역,1,0,TUE,19,20,62
9,2호선,봉천역,229,20221001,20221231,211,성수역,234,신도림역,228,서울대입구역,1,0,TUE,19,30,62
9,2호선,봉천역,229,20221001,20221231,211,성수역,234,신도림역,228,서울대입구역,1,0,TUE,19,40,66
9,2호선,봉천역,229,20221001,20221231,211,성수역,234,신도림역,228,서울대입구역,1,0,TUE,19,50,64
3,2호선,봉천역,229,20221001,20221231,211,성수역,211,성수역,230,신림역,0,0,SAT,07,40,24
3,2호선,봉천역,229,20221001,20221231,211,성수역,211,성수역,230,신림역,0,0,SAT,07,50,49
5,2호선,봉천역,229,20221001,20221231,211,성수역,211-R,성수역,230,신림역,0,0,SAT,07,00,26
5,2호선,봉천역,229,20221001,20221231,211,성수역,211-R,성수역,230,신림역,0,0,SAT,07,10,30
5,2호선,봉천역,229,20221001,20221231,211,성수역,211-R,성수역,230,신림역,0,0,SAT,07,20,29
5,2호선,봉천역,229,20221001,20221231,211,성수역,211-R,성수역,230,신림역,0,0,SAT,07,30,31
5,2호선,봉천역,229,20221001,20221231,211,성수역,211-R,성수역,230,신림역,0,0,SAT,07,40,36
5,2호선,봉천역,229,20221001,20221231,211,성수역,211-R,성수역,230,신림역,0,0,SAT,07,50,35
6,2호선,봉천역,229,20221001,20221231,211,성수역,211-R,성수역,228,서울대입구역,1,0,SAT,07,00,9
6,2호선,봉천역,229,20221001,20221231,211,성수역,211-R,성수역,228,서울대입구역,1,0,SAT,07,10,8
6,2호선,봉천역,229,20221001,20221231,211,성수역,211-R,성수역,228,서울대입구역,1,0,SAT,07,20,7
6,2호선,봉천역,229,20221001,20221231,211,성수역,211-R,성수역,228,서울대입구역,1,0,SAT,07,30,9
6,2호선,봉천역,229,20221001,20221231,211,성수역,211-R,성수역,228,서울대입구역,1,0,SAT,07,40,8
6,2호선,봉천역,229,20221001,20221231,211,성수역,211-R,성수역,228,서울대입구역,1,0,SAT,07,50,11
15,2호선,봉천역,229,20221001,20221231,234,신도림역,211-R,성수역,230,신림역,0,0,SAT,07,30,11
15,2호선,봉천역,229,20221001,20221231,234,신도림역,211-R,성수역,230,신림역,0,0,SAT,07,40,22
15,2호선,봉천역,229,20221001,20221231,234,신도림역,211-R,성수역,230,신림역,0,0,SAT,07,50,22
5,2호선,봉천역,229,20221001,20221231,211,성수역,211-R,성수역,230,신림역,0,0,MON,17,00,34
5,2호선,봉천역,229,20221001,20221231,211,성수역,211-R,성수역,230,신림역,0,0,MON,17,10,36
5,2호선,봉천역,229,20221001,20221231,211,성수역,211-R,성수역,230,신림역,0,0,MON,17,20,45
5,2호선,봉천역,229,20221001,20221231,211,성수역,211-R,성수역,230,신림역,0,0,MON,17,30,59
5,2호선,봉천역,229,20221001,20221231,211,성수역,211-R,성수역,230,신림역,0,0,MON,17,40,50
5,2호선,봉천역,229,20221001,20221231,211,성수역,211-R,성수역,230,신림역,0,0,MON,17,50,46
6,2호선,봉천역,229,20221001,20221231,211,성수역,211-R,성수역,228,서울대입구역,1,0,MON,17,00,69
6,2호선,봉천역,229,20221001,20221231,211,성수역,211-R,성수역,228,서울대입구역,1,0,MON,17,10,86
6,2호선,봉천역,229,20221001,20221231,211,성수역,211-R,성수역,228,서울대입구역,1,0,MON,17,20,115
6,2호선,봉천역,229,20221001,20221231,211,성수역,211-R,성수역,228,서울대입구역,1,0,MON,17,30,136
6,2호선,봉천역,229,20221001,20221231,211,성수역,211-R,성수역,228,서울대입구역,1,0,MON,17,40,126
6,2호선,봉천역,229,20221001,20221231,211,성수역,211-R,성수역,228,서울대입구역,1,0,MON,17,50,111
15,2호선,봉천역,229,20221001,20221231,234,신도림역,211-R,성수역,230,신림역,0,0,MON,17,00,10
15,2호선,봉천역,229,20221001,20221231,234,신도림역,211-R,성수역,230,신림역,0,0,MON,17,10,11
15,2호선,봉천역,229,20221001,20221231,234,신도림역,211-R,성수역,230,신림역,0,0,MON,17,20,21
15,2호선,봉천역,229,20221001,20221231,234,신도림역,211-R,성수역,230,신림역,0,0,MON,17,30,21
15,2호선,봉천역,229,20221001,20221231,234,신도림역,211-R,성수역,230,신림역,0,0,MON,17,40,21
15,2호선,봉천역,229,20221001,20221231,234,신도림역,211-R,성수역,230,신림역,0,0,MON,17,50,21
3,2호선,봉천역,229,20221001,20221231,211,성수역,211,성수역,230,신림역,0,0,SUN,19,20,13
3,2호선,봉천역,229,20221001,20221231,211,성수역,211,성수역,230,신림역,0,0,SUN,19,30,27
3,2호선,봉천역,229,20221001,20221231,211,성수역,211,성수역,230,신림역,0,0,SUN,19,40,27
3,2호선,봉천역,229,20221001,20221231,211,성수역,211,성수역,230,신림역,0,0,SUN,19,50,13
5,2호선,봉천역,229,20221001,20221231,211,성수역,211-R,성수역,230,신림역,0,0,SUN,19,00,26
5,2호선,봉천역,229,20221001,20221231,211,성수역,211-R,성수역,230,신림역,0,0,SUN,19,10,25
5,2호선,봉천역,229,20221001,20221231,211,성수역,211-R,성수역,230,신림역,0,0,SUN,19,20,22
5,2호선,봉천역,229,20221001,20221231,211,성수역,211-R,성수역,230,신림역,0,0,SUN,19,30,21
5,2호선,봉천역,229,20221001,20221231,211,성수역,211-R,성수역,230,신림역,0,0,SUN,19,40,23
5,2호선,봉천역,229,20221001,20221231,211,성수역,211-R,성수역,230,신림역,0,0,SUN,19,50,23
6,2호선,봉천역,229,20221001,20221231,211,성수역,211-R,성수역,228,서울대입구역,1,0,SUN,19,00,34
6,2호선,봉천역,229,20221001,20221231,211,성수역,211-R,성수역,228,서울대입구역,1,0,SUN,19,10,39
6,2호선,봉천역,229,20221001,20221231,211,성수역,211-R,성수역,228,서울대입구역,1,0,SUN,19,20,36
6,2호선,봉천역,229,20221001,20221231,211,성수역,211-R,성수역,228,서울대입구역,1,0,SUN,19,30,40
6,2호선,봉천역,229,20221001,20221231,211,성수역,211-R,성수역,228,서울대입구역,1,0,SUN,19,40,34
6,2호선,봉천역,229,20221001,20221231,211,성수역,211-R,성수역,228,서울대입구역,1,0,SUN,19,50,34
15,2호선,봉천역,229,20221001,20221231,234,신도림역,211-R,성수역,230,신림역,0,0,SUN,19,00,6
15,2호선,봉천역,229,20221001,20221231,234,신도림역,211-R,성수역,230,신림역,0,0,SUN,19,10,12
15,2호선,봉천역,229,20221001,20221231,234,신도림역,211-R,성수역,230,신림역,0,0,SUN,19,20,12
15,2호선,봉천역,229,20221001,20221231,234,신도림역,211-R,성수역,230,신림역,0,0,SUN,19,30,6
3,2호선,봉천역,229,20221001,20221231,211,성수역,211,성수역,230,신림역,0,0,THU,08,10,73
3,2호선,봉천역,229,20221001,20221231,211,성수역,211,성수역,230,신림역,0,0,THU,08,20,147
3,2호선,봉천역,229,20221001,20221231,211,성수역,211,성수역,230,신림역,0,0,THU,08,30,153
3,2호선,봉천역,229,20221001,20221231,211,성수역,211,성수역,230,신림역,0,0,THU,08,40,111
3,2호선,봉천역,229,20221001,20221231,211,성수역,211,성수역,230,신림역,0,0,THU,08,50,85
4,2호선,봉천역,229,20221001,20221231,211,성수역,211,성수역,228,서울대입구역,1,0,THU,08,20,17
4,2호선,봉천역,229,20221001,20221231,211,성수역,211,성수역,228,서울대입구역,1,0,THU,08,30,34
4,2호선,봉천역,229,20221001,20221231,211,성수역,211,성수역,228,서울대입구역,1,0,THU,08,40,34
4,2호선,봉천역,229,20221001,20221231,211,성수역,211,성수역,228,서울대입구역,1,0,THU,08,50,32
5,2호선,봉천역,229,20221001,20221231,211,성수역,211-R,성수역,230,신림역,0,0,THU,08,00,146
5,2호선,봉천역,229,20221001,20221231,211,성수역,211-R,성수역,230,신림역,0,0,THU,08,10,162
5,2호선,봉천역,229,20221001,20221231,211,성수역,211-R,성수역,230,신림역,0,0,THU,08,20,157
5,2호선,봉천역,229,20221001,20221231,211,성수역,211-R,성수역,230,신림역,0,0,THU,08,30,125
5,2호선,봉천역,229,20221001,20221231,211,성수역,211-R,성수역,230,신림역,0,0,THU,08,40,107
5,2호선,봉천역,229,20221001,20221231,211,성수역,211-R,성수역,230,신림역,0,0,THU,08,50,107
6,2호선,봉천역,229,20221001,20221231,211,성수역,211-R,성수역,228,서울대입구역,1,0,THU,08,00,47
6,2호선,봉천역,229,20221001,20221231,211,성수역,211-R,성수역,228,서울대입구역,1,0,THU,08,10,51
6,2호선,봉천역,229,20221001,20221231,211,성수역,211-R,성수역,228,서울대입구역,1,0,THU,08,20,50
6,2호선,봉천역,229,20221001,20221231,211,성수역,211-R,성수역,228,서울대입구역,1,0,THU,08,30,48
6,2호선,봉천역,229,20221001,20221231,211,성수역,211-R,성수역,228,서울대입구역,1,0,THU,08,40,33
6,2호선,봉천역,229,20221001,20221231,211,성수역,211-R,성수역,228,서울대입구역,1,0,THU,08,50,33
15,2호선,봉천역,229,20221001,20221231,234,신도림역,211-R,성수역,230,신림역,0,0,THU,08,00,128
15,2호선,봉천역,229,20221001,20221231,234,신도림역,211-R,성수역,230,신림역,0,0,THU,08,10,132
15,2호선,봉천역,229,20221001,20221231,234,신도림역,211-R,성수역,230,신림역,0,0,THU,08,20,127
15,2호선,봉천역,229,20221001,20221231,234,신도림역,211-R,성수역,230,신림역,0,0,THU,08,30,124
15,2호선,봉천역,229,20221001,20221231,234,신도림역,211-R,성수역,230,신림역,0,0,THU,08,40,124
15,2호선,봉천역,229,20221001,20221231,234,신도림역,211-R,성수역,230,신림역,0,0,THU,08,50,61
3,2호선,봉천역,229,20221001,20221231,211,성수역,211,성수역,230,신림역,0,0,THU,09,00,109
3,2호선,봉천역,229,20221001,20221231,211,성수역,211,성수역,230,신림역,0,0,THU,09,10,104
3,2호선,봉천역,229,20221001,20221231,211,성수역,211,성수역,230,신림역,0,0,THU,09,20,118
3,2호선,봉천역,229,20221001,20221231,211,성수역,211,성수역,230,신림역,0,0,THU,09,30,74
3,2호선,봉천역,229,20221001,20221231,211,성수역,211,성수역,230,신림역,0,0,THU,09,40,57
3,2호선,봉천역,229,20221001,20221231,211,성수역,211,성수역,230,신림역,0,0,THU,09,50,43
4,2호선,봉천역,229,20221001,20221231,211,성수역,211,성수역,228,서울대입구역,1,0,THU,09,00,32
4,2호선,봉천역,229,20221001,20221231,211,성수역,211,성수역,228,서울대입구역,1,0,THU,09,10,29
4,2호선,봉천역,229,20221001,20221231,211,성수역,211,성수역,228,서울대입구역,1,0,THU,09,20,29
4,2호선,봉천역,229,20221001,20221231,211,성수역,211,성수역,228,서울대입구역,1,0,THU,09,30,25
4,2호선,봉천역,229,20221001,20221231,211,성수역,211,성수역,228,서울대입구역,1,0,THU,09,40,24
4,2호선,봉천역,229,20221001,20221231,211,성수역,211,성수역,228,서울대입구역,1,0,THU,09,50,24
5,2호선,봉천역,229,20221001,20221231,211,성수역,211-R,성수역,230,신림역,0,0,THU,09,00,100
5,2호선,봉천역,229,20221001,20221231,211,성수역,211-R,성수역,230,신림역,0,0,THU,09,10,111
5,2호선,봉천역,229,20221001,20221231,211,성수역,211-R,성수역,230,신림역,0,0,THU,09,20,122
5,2호선,봉천역,229,20221001,20221231,211,성수역,211-R,성수역,230,신림역,0,0,THU,09,30,110
5,2호선,봉천역,229,20221001,20221231,211,성수역,211-R,성수역,230,신림역,0,0,THU,09,40,58
5,2호선,봉천역,229,20221001,20221231,211,성수역,211-R,성수역,230,신림역,0,0,THU,09,50,54
6,2호선,봉천역,229,20221001,20221231,211,성수역,211-R,성수역,228,서울대입구역,1,0,THU,09,00,32
6,2호선,봉천역,229,20221001,20221231,211,성수역,211-R,성수역,228,서울대입구역,1,0,THU,09,10,30
6,2호선,봉천역,229,20221001,20221231,211,성수역,211-R,성수역,228,서울대입구역,1,0,THU,09,20,33
6,2호선,봉천역,229,20221001,20221231,211,성수역,211-R,성수역,228,서울대입구역,1,0,THU,09,30,25
6,2호선,봉천역,229,20221001,20221231,211,성수역,211-R,성수역,228,서울대입구역,1,0,THU,09,40,18
6,2호선,봉천역,229,20221001,20221231,211,성수역,211-R,성수역,228,서울대입구역,1,0,THU,09,50,17
9,2호선,봉천역,229,20221001,20221231,211,성수역,234,신도림역,228,서울대입구역,1,0,THU,09,30,7
9,2호선,봉천역,229,20221001,20221231,211,성수역,234,신도림역,228,서울대입구역,1,0,THU,09,40,14
9,2호선,봉천역,229,20221001,20221231,211,성수역,234,신도림역,228,서울대입구역,1,0,THU,09,50,14
5,2호선,봉천역,229,20221001,20221231,211,성수역,211-R,성수역,230,신림역,0,0,SUN,18,00,32
5,2호선,봉천역,229,20221001,20221231,211,성수역,211-R,성수역,230,신림역,0,0,SUN,18,10,34
5,2호선,봉천역,229,20221001,20221231,211,성수역,211-R,성수역,230,신림역,0,0,SUN,18,20,30
5,2호선,봉천역,229,20221001,20221231,211,성수역,211-R,성수역,230,신림역,0,0,SUN,18,30,32
5,2호선,봉천역,229,20221001,20221231,211,성수역,211-R,성수역,230,신림역,0,0,SUN,18,40,26
5,2호선,봉천역,229,20221001,20221231,211,성수역,211-R,성수역,230,신림역,0,0,SUN,18,50,28
6,2호선,봉천역,229,20221001,20221231,211,성수역,211-R,성수역,228,서울대입구역,1,0,SUN,18,00,35
6,2호선,봉천역,229,20221001,20221231,211,성수역,211-R,성수역,228,서울대입구역,1,0,SUN,18,10,42
6,2호선,봉천역,229,20221001,20221231,211,성수역,211-R,성수역,228,서울대입구역,1,0,SUN,18,20,46
6,2호선,봉천역,229,20221001,20221231,211,성수역,211-R,성수역,228,서울대입구역,1,0,SUN,18,30,53
6,2호선,봉천역,229,20221001,20221231,211,성수역,211-R,성수역,228,서울대입구역,1,0,SUN,18,40,48
6,2호선,봉천역,229,20221001,20221231,211,성수역,211-R,성수역,228,서울대입구역,1,0,SUN,18,50,45
9,2호선,봉천역,229,20221001,20221231,211,성수역,234,신도림역,228,서울대입구역,1,0,SUN,18,00,30
9,2호선,봉천역,229,20221001,20221231,211,성수역,234,신도림역,228,서울대입구역,1,0,SUN,18,10,14
5,2호선,봉천역,229,20221001,20221231,211,성수역,211-R,성수역,230,신림역,0,0,MON,16,00,35
5,2호선,봉천역,229,20221001,20221231,211,성수역,211-R,성수역,230,신림역,0,0,MON,16,10,37
5,2호선,봉천역,229,20221001,20221231,211,성수역,211-R,성수역,230,신림역,0,0,MON,16,20,41
5,2호선,봉천역,229,20221001,20221231,211,성수역,211-R,성수역,230,신림역,0,0,MON,16,30,40
5,2호선,봉천역,229,20221001,20221231,211,성수역,211-R,성수역,230,신림역,0,0,MON,16,40,44
5,2호선,봉천역,229,20221001,20221231,211,성수역,211-R,성수역,230,신림역,0,0,MON,16,50,37
6,2호선,봉천역,229,20221001,20221231,211,성수역,211-R,성수역,228,서울대입구역,1,0,MON,16,00,61
6,2호선,봉천역,229,20221001,20221231,211,성수역,211-R,성수역,228,서울대입구역,1,0,MON,16,10,66
6,2호선,봉천역,229,20221001,20221231,211,성수역,211-R,성수역,228,서울대입구역,1,0,MON,16,20,74
6,2호선,봉천역,229,20221001,20221231,211,성수역,211-R,성수역,228,서울대입구역,1,0,MON,16,30,83
6,2호선,봉천역,229,20221001,20221231,211,성수역,211-R,성수역,228,서울대입구역,1,0,MON,16,40,70
6,2호선,봉천역,229,20221001,20221231,211,성수역,211-R,성수역,228,서울대입구역,1,0,MON,16,50,68
15,2호선,봉천역,229,20221001,20221231,234,신도림역,211-R,성수역,230,신림역,0,0,MON,16,20,10
15,2호선,봉천역,229,20221001,20221231,234,신도림역,211-R,성수역,230,신림역,0,0,MON,16,30,20
15,2호선,봉천역,229,20221001,20221231,234,신도림역,211-R,성수역,230,신림역,0,0,MON,16,40,19
15,2호선,봉천역,229,20221001,20221231,234,신도림역,211-R,성수역,230,신림역,0,0,MON,16,50,19
1,2호선,봉천역,229,20221001,20221231,202,을지로입구역,211-R,성수역,230,신림역,0,0,SAT,06,00,39
1,2호선,봉천역,229,20221001,20221231,202,을지로입구역,211-R,성수역,230,신림역,0,0,SAT,06,10,39
1,2호선,봉천역,229,20221001,20221231,202,을지로입구역,211-R,성수역,230,신림역,0,0,SAT,06,20,19
5,2호선,봉천역,229,20221001,20221231,211,성수역,211-R,성수역,230,신림역,0,0,SAT,06,00,23
5,2호선,봉천역,229,20221001,20221231,211,성수역,211-R,성수역,230,신림역,0,0,SAT,06,10,46
5,2호선,봉천역,229,20221001,20221231,211,성수역,211-R,성수역,230,신림역,0,0,SAT,06,20,46
5,2호선,봉천역,229,20221001,20221231,211,성수역,211-R,성수역,230,신림역,0,0,SAT,06,30,33
5,2호선,봉천역,229,20221001,20221231,211,성수역,211-R,성수역,230,신림역,0,0,SAT,06,40,29
5,2호선,봉천역,229,20221001,20221231,211,성수역,211-R,성수역,230,신림역,0,0,SAT,06,50,28
6,2호선,봉천역,229,20221001,20221231,211,성수역,211-R,성수역,228,서울대입구역,1,0,SAT,06,00,19
6,2호선,봉천역,229,20221001,20221231,211,성수역,211-R,성수역,228,서울대입구역,1,0,SAT,06,10,11
6,2호선,봉천역,229,20221001,20221231,211,성수역,211-R,성수역,228,서울대입구역,1,0,SAT,06,20,9
6,2호선,봉천역,229,20221001,20221231,211,성수역,211-R,성수역,228,서울대입구역,1,0,SAT,06,30,11
6,2호선,봉천역,229,20221001,20221231,211,성수역,211-R,성수역,228,서울대입구역,1,0,SAT,06,40,9
6,2호선,봉천역,229,20221001,20221231,211,성수역,211-R,성수역,228,서울대입구역,1,0,SAT,06,50,9
11,2호선,봉천역,229,20221001,20221231,219,삼성역,211-R,성수역,228,서울대입구역,1,0,SAT,06,00,21
11,2호선,봉천역,229,20221001,20221231,219,삼성역,211-R,성수역,228,서울대입구역,1,0,SAT,06,10,11
15,2호선,봉천역,229,20221001,20221231,234,신도림역,211-R,성수역,230,신림역,0,0,SAT,06,00,21
15,2호선,봉천역,229,20221001,20221231,234,신도림역,211-R,성수역,230,신림역,0,0,SAT,06,10,20
15,2호선,봉천역,229,20221001,20221231,234,신도림역,211-R,성수역,230,신림역,0,0,SAT,06,20,23
15,2호선,봉천역,229,20221001,20221231,234,신도림역,211-R,성수역,230,신림역,0,0,SAT,06,30,23
15,2호선,봉천역,229,20221001,20221231,234,신도림역,211-R,성수역,230,신림역,0,0,SAT,06,40,11
17,2호선,봉천역,229,20221001,20221231,239,홍대입구역,211-R,성수역,230,신림역,0,0,SAT,06,00,38
17,2호선,봉천역,229,20221001,20221231,239,홍대입구역,211-R,성수역,230,신림역,0,0,SAT,06,10,19
4,2호선,봉천역,229,20221001,20221231,211,성수역,211,성수역,228,서울대입구역,1,0,TUE,18,40,54
4,2호선,봉천역,229,20221001,20221231,211,성수역,211,성수역,228,서울대입구역,1,0,TUE,18,50,107
5,2호선,봉천역,229,20221001,20221231,211,성수역,211-R,성수역,230,신림역,0,0,TUE,18,00,46
5,2호선,봉천역,229,20221001,20221231,211,성수역,211-R,성수역,230,신림역,0,0,TUE,18,10,58
5,2호선,봉천역,229,20221001,20221231,211,성수역,211-R,성수역,230,신림역,0,0,TUE,18,20,65
5,2호선,봉천역,229,20221001,20221231,211,성수역,211-R,성수역,230,신림역,0,0,TUE,18,30,78
5,2호선,봉천역,229,20221001,20221231,211,성수역,211-R,성수역,230,신림역,0,0,TUE,18,40,77
5,2호선,봉천역,229,20221001,20221231,211,성수역,211-R,성수역,230,신림역,0,0,TUE,18,50,76
6,2호선,봉천역,229,20221001,20221231,211,성수역,211-R,성수역,228,서울대입구역,1,0,TUE,18,00,114
6,2호선,봉천역,229,20221001,20221231,211,성수역,211-R,성수역,228,서울대입구역,1,0,TUE,18,10,125
6,2호선,봉천역,229,20221001,20221231,211,성수역,211-R,성수역,228,서울대입구역,1,0,TUE,18,20,132
6,2호선,봉천역,229,20221001,20221231,211,성수역,211-R,성수역,228,서울대입구역,1,0,TUE,18,30,154
6,2호선,봉천역,229,20221001,20221231,211,성수역,211-R,성수역,228,서울대입구역,1,0,TUE,18,40,148
6,2호선,봉천역,229,20221001,20221231,211,성수역,211-R,성수역,228,서울대입구역,1,0,TUE,18,50,137
11,2호선,봉천역,229,20221001,20221231,219,삼성역,211-R,성수역,228,서울대입구역,1,0,TUE,18,00,67
11,2호선,봉천역,229,20221001,20221231,219,삼성역,211-R,성수역,228,서울대입구역,1,0,TUE,18,10,134
11,2호선,봉천역,229,20221001,20221231,219,삼성역,211-R,성수역,228,서울대입구역,1,0,TUE,18,20,134
11,2호선,봉천역,229,20221001,20221231,219,삼성역,211-R,성수역,228,서울대입구역,1,0,TUE,18,30,139
11,2호선,봉천역,229,20221001,20221231,219,삼성역,211-R,성수역,228,서울대입구역,1,0,TUE,18,40,144
11,2호선,봉천역,229,20221001,20221231,219,삼성역,211-R,성수역,228,서울대입구역,1,0,TUE,18,50,72
15,2호선,봉천역,229,20221001,20221231,234,신도림역,211-R,성수역,230,신림역,0,0,TUE,18,00,16
15,2호선,봉천역,229,20221001,20221231,234,신도림역,211-R,성수역,230,신림역,0,0,TUE,18,10,8
4,2호선,봉천역,229,20221001,20221231,211,성수역,211,성수역,228,서울대입구역,1,0,WED,18,30,76
4,2호선,봉천역,229,20221001,20221231,211,성수역,211,성수역,228,서울대입구역,1,0,WED,18,40,151
4,2호선,봉천역,229,20221001,20221231,211,성수역,211,성수역,228,서울대입구역,1,0,WED,18,50,151
5,2호선,봉천역,229,20221001,20221231,211,성수역,211-R,성수역,230,신림역,0,0,WED,18,00,52
5,2호선,봉천역,229,20221001,20221231,211,성수역,211-R,성수역,230,신림역,0,0,WED,18,10,57
5,2호선,봉천역,229,20221001,20221231,211,성수역,211-R,성수역,230,신림역,0,0,WED,18,20,71
5,2호선,봉천역,229,20221001,20221231,211,성수역,211-R,성수역,230,신림역,0,0,WED,18,30,93
5,2호선,봉천역,229,20221001,20221231,211,성수역,211-R,성수역,230,신림역,0,0,WED,18,40,88
5,2호선,봉천역,229,20221001,20221231,211,성수역,211-R,성수역,230,신림역,0,0,WED,18,50,77
6,2호선,봉천역,229,20221001,20221231,211,성수역,211-R,성수역,228,서울대입구역,1,0,WED,18,00,124
6,2호선,봉천역,229,20221001,20221231,211,성수역,211-R,성수역,228,서울대입구역,1,0,WED,18,10,125
6,2호선,봉천역,229,20221001,20221231,211,성수역,211-R,성수역,228,서울대입구역,1,0,WED,18,20,141
6,2호선,봉천역,229,20221001,20221231,211,성수역,211-R,성수역,228,서울대입구역,1,0,WED,18,30,155
6,2호선,봉천역,229,20221001,20221231,211,성수역,211-R,성수역,228,서울대입구역,1,0,WED,18,40,155
6,2호선,봉천역,229,20221001,20221231,211,성수역,211-R,성수역,228,서울대입구역,1,0,WED,18,50,136
15,2호선,봉천역,229,20221001,20221231,234,신도림역,211-R,성수역,230,신림역,0,0,WED,18,00,12
5,2호선,봉천역,229,20221001,20221231,211,성수역,211-R,성수역,230,신림역,0,0,FRI,17,00,40
5,2호선,봉천역,229,20221001,20221231,211,성수역,211-R,성수역,230,신림역,0,0,FRI,17,10,54
5,2호선,봉천역,229,20221001,20221231,211,성수역,211-R,성수역,230,신림역,0,0,FRI,17,20,60
5,2호선,봉천역,229,20221001,20221231,211,성수역,211-R,성수역,230,신림역,0,0,FRI,17,30,67
5,2호선,봉천역,229,20221001,20221231,211,성수역,211-R,성수역,230,신림역,0,0,FRI,17,40,70
5,2호선,봉천역,229,20221001,20221231,211,성수역,211-R,성수역,230,신림역,0,0,FRI,17,50,67
6,2호선,봉천역,229,20221001,20221231,211,성수역,211-R,성수역,228,서울대입구역,1,0,FRI,17,00,83
6,2호선,봉천역,229,20221001,20221231,211,성수역,211-R,성수역,228,서울대입구역,1,0,FRI,17,10,98
6,2호선,봉천역,229,20221001,20221231,211,성수역,211-R,성수역,228,서울대입구역,1,0,FRI,17,20,133
6,2호선,봉천역,229,20221001,20221231,211,성수역,211-R,성수역,228,서울대입구역,1,0,FRI,17,30,146
6,2호선,봉천역,229,20221001,20221231,211,성수역,211-R,성수역,228,서울대입구역,1,0,FRI,17,40,146
6,2호선,봉천역,229,20221001,20221231,211,성수역,211-R,성수역,228,서울대입구역,1,0,FRI,17,50,127
15,2호선,봉천역,229,20221001,20221231,234,신도림역,211-R,성수역,230,신림역,0,0,FRI,17,00,11
15,2호선,봉천역,229,20221001,20221231,234,신도림역,211-R,성수역,230,신림역,0,0,FRI,17,10,23
15,2호선,봉천역,229,20221001,20221231,234,신도림역,211-R,성수역,230,신림역,0,0,FRI,17,20,34
15,2호선,봉천역,229,20221001,20221231,234,신도림역,211-R,성수역,230,신림역,0,0,FRI,17,30,34
15,2호선,봉천역,229,20221001,20221231,234,신도림역,211-R,성수역,230,신림역,0,0,FRI,17,40,25
15,2호선,봉천역,229,20221001,20221231,234,신도림역,211-R,성수역,230,신림역,0,0,FRI,17,50,28
3,2호선,봉천역,229,20221001,20221231,211,성수역,211,성수역,230,신림역,0,0,THU,18,50,19
4,2호선,봉천역,229,20221001,20221231,211,성수역,211,성수역,228,서울대입구역,1,0,THU,18,50,47
5,2호선,봉천역,229,20221001,20221231,211,성수역,211-R,성수역,230,신림역,0,0,THU,18,00,48
5,2호선,봉천역,229,20221001,20221231,211,성수역,211-R,성수역,230,신림역,0,0,THU,18,10,57
5,2호선,봉천역,229,20221001,20221231,211,성수역,211-R,성수역,230,신림역,0,0,THU,18,20,77
5,2호선,봉천역,229,20221001,20221231,211,성수역,211-R,성수역,230,신림역,0,0,THU,18,30,85
5,2호선,봉천역,229,20221001,20221231,211,성수역,211-R,성수역,230,신림역,0,0,THU,18,40,72
5,2호선,봉천역,229,20221001,20221231,211,성수역,211-R,성수역,230,신림역,0,0,THU,18,50,65
6,2호선,봉천역,229,20221001,20221231,211,성수역,211-R,성수역,228,서울대입구역,1,0,THU,18,00,116
6,2호선,봉천역,229,20221001,20221231,211,성수역,211-R,성수역,228,서울대입구역,1,0,THU,18,10,116
6,2호선,봉천역,229,20221001,20221231,211,성수역,211-R,성수역,228,서울대입구역,1,0,THU,18,20,129
6,2호선,봉천역,229,20221001,20221231,211,성수역,211-R,성수역,228,서울대입구역,1,0,THU,18,30,149
6,2호선,봉천역,229,20221001,20221231,211,성수역,211-R,성수역,228,서울대입구역,1,0,THU,18,40,147
6,2호선,봉천역,229,20221001,20221231,211,성수역,211-R,성수역,228,서울대입구역,1,0,THU,18,50,128
15,2호선,봉천역,229,20221001,20221231,234,신도림역,211-R,성수역,230,신림역,0,0,THU,18,00,11
3,2호선,봉천역,229,20221001,20221231,211,성수역,211,성수역,230,신림역,0,0,SUN,09,00,39
3,2호선,봉천역,229,20221001,20221231,211,성수역,211,성수역,230,신림역,0,0,SUN,09,10,39
3,2호선,봉천역,229,20221001,20221231,211,성수역,211,성수역,230,신림역,0,0,SUN,09,20,39
3,2호선,봉천역,229,20221001,20221231,211,성수역,211,성수역,230,신림역,0,0,SUN,09,30,39
3,2호선,봉천역,229,20221001,20221231,211,성수역,211,성수역,230,신림역,0,0,SUN,09,40,19
4,2호선,봉천역,229,20221001,20221231,211,성수역,211,성수역,228,서울대입구역,1,0,SUN,09,00,6
4,2호선,봉천역,229,20221001,20221231,211,성수역,211,성수역,228,서울대입구역,1,0,SUN,09,10,12
4,2호선,봉천역,229,20221001,20221231,211,성수역,211,성수역,228,서울대입구역,1,0,SUN,09,20,12
4,2호선,봉천역,229,20221001,20221231,211,성수역,211,성수역,228,서울대입구역,1,0,SUN,09,30,12
4,2호선,봉천역,229,20221001,20221231,211,성수역,211,성수역,228,서울대입구역,1,0,SUN,09,40,13
4,2호선,봉천역,229,20221001,20221231,211,성수역,211,성수역,228,서울대입구역,1,0,SUN,09,50,14
5,2호선,봉천역,229,20221001,20221231,211,성수역,211-R,성수역,230,신림역,0,0,SUN,09,00,50
5,2호선,봉천역,229,20221001,20221231,211,성수역,211-R,성수역,230,신림역,0,0,SUN,09,10,44
5,2호선,봉천역,229,20221001,20221231,211,성수역,211-R,성수역,230,신림역,0,0,SUN,09,20,40
5,2호선,봉천역,229,20221001,20221231,211,성수역,211-R,성수역,230,신림역,0,0,SUN,09,30,42
5,2호선,봉천역,229,20221001,20221231,211,성수역,211-R,성수역,230,신림역,0,0,SUN,09,40,40
5,2호선,봉천역,229,20221001,20221231,211,성수역,211-R,성수역,230,신림역,0,0,SUN,09,50,41
6,2호선,봉천역,229,20221001,20221231,211,성수역,211-R,성수역,228,서울대입구역,1,0,SUN,09,00,10
6,2호선,봉천역,229,20221001,20221231,211,성수역,211-R,성수역,228,서울대입구역,1,0,SUN,09,10,12
6,2호선,봉천역,229,20221001,20221231,211,성수역,211-R,성수역,228,서울대입구역,1,0,SUN,09,20,13
6,2호선,봉천역,229,20221001,20221231,211,성수역,211-R,성수역,228,서울대입구역,1,0,SUN,09,30,20
6,2호선,봉천역,229,20221001,20221231,211,성수역,211-R,성수역,228,서울대입구역,1,0,SUN,09,40,17
6,2호선,봉천역,229,20221001,20221231,211,성수역,211-R,성수역,228,서울대입구역,1,0,SUN,09,50,11
15,2호선,봉천역,229,20221001,20221231,234,신도림역,211-R,성수역,230,신림역,0,0,SUN,09,00,17
15,2호선,봉천역,229,20221001,20221231,234,신도림역,211-R,성수역,230,신림역,0,0,SUN,09,10,17
15,2호선,봉천역,229,20221001,20221231,234,신도림역,211-R,성수역,230,신림역,0,0,SUN,09,20,21
15,2호선,봉천역,229,20221001,20221231,234,신도림역,211-R,성수역,230,신림역,0,0,SUN,09,30,21
15,2호선,봉천역,229,20221001,20221231,234,신도림역,211-R,성수역,230,신림역,0,0,SUN,09,40,25
15,2호선,봉천역,229,20221001,20221231,234,신도림역,211-R,성수역,230,신림역,0,0,SUN,09,50,30
5,2호선,봉천역,229,20221001,20221231,211,성수역,211-R,성수역,230,신림역,0,0,MON,07,00,79
5,2호선,봉천역,229,20221001,20221231,211,성수역,211-R,성수역,230,신림역,0,0,MON,07,10,92
5,2호선,봉천역,229,20221001,20221231,211,성수역,211-R,성수역,230,신림역,0,0,MON,07,20,94
5,2호선,봉천역,229,20221001,20221231,211,성수역,211-R,성수역,230,신림역,0,0,MON,07,30,98
5,2호선,봉천역,229,20221001,20221231,211,성수역,211-R,성수역,230,신림역,0,0,MON,07,40,122
5,2호선,봉천역,229,20221001,20221231,211,성수역,211-R,성수역,230,신림역,0,0,MON,07,50,143
6,2호선,봉천역,229,20221001,20221231,211,성수역,211-R,성수역,228,서울대입구역,1,0,MON,07,00,17
6,2호선,봉천역,229,20221001,20221231,211,성수역,211-R,성수역,228,서울대입구역,1,0,MON,07,10,27
6,2호선,봉천역,229,20221001,20221231,211,성수역,211-R,성수역,228,서울대입구역,1,0,MON,07,20,32
6,2호선,봉천역,229,20221001,20221231,211,성수역,211-R,성수역,228,서울대입구역,1,0,MON,07,30,32
6,2호선,봉천역,229,20221001,20221231,211,성수역,211-R,성수역,228,서울대입구역,1,0,MON,07,40,32
6,2호선,봉천역,229,20221001,20221231,211,성수역,211-R,성수역,228,서울대입구역,1,0,MON,07,50,42
15,2호선,봉천역,229,20221001,20221231,234,신도림역,211-R,성수역,230,신림역,0,0,MON,07,00,84
15,2호선,봉천역,229,20221001,20221231,234,신도림역,211-R,성수역,230,신림역,0,0,MON,07,10,80
15,2호선,봉천역,229,20221001,20221231,234,신도림역,211-R,성수역,230,신림역,0,0,MON,07,20,75
15,2호선,봉천역,229,20221001,20221231,234,신도림역,211-R,성수역,230,신림역,0,0,MON,07,30,84
15,2호선,봉천역,229,20221001,20221231,234,신도림역,211-R,성수역,230,신림역,0,0,MON,07,40,110
15,2호선,봉천역,229,20221001,20221231,234,신도림역,211-R,성수역,230,신림역,0,0,MON,07,50,123
1,2호선,봉천역,229,20221001,20221231,202,을지로입구역,211-R,성수역,230,신림역,0,0,FRI,06,00,45
1,2호선,봉천역,229,20221001,20221231,202,을지로입구역,211-R,성수역,230,신림역,0,0,FRI,06,10,45
1,2호선,봉천역,229,20221001,20221231,202,을지로입구역,211-R,성수역,230,신림역,0,0,FRI,06,20,22
5,2호선,봉천역,229,20221001,20221231,211,성수역,211-R,성수역,230,신림역,0,0,FRI,06,00,57
5,2호선,봉천역,229,20221001,20221231,211,성수역,211-R,성수역,230,신림역,0,0,FRI,06,10,57
5,2호선,봉천역,229,20221001,20221231,211,성수역,211-R,성수역,230,신림역,0,0,FRI,06,20,43
5,2호선,봉천역,229,20221001,20221231,211,성수역,211-R,성수역,230,신림역,0,0,FRI,06,30,50
5,2호선,봉천역,229,20221001,20221231,211,성수역,211-R,성수역,230,신림역,0,0,FRI,06,40,51
5,2호선,봉천역,229,20221001,20221231,211,성수역,211-R,성수역,230,신림역,0,0,FRI,06,50,61
6,2호선,봉천역,229,20221001,20221231,211,성수역,211-R,성수역,228,서울대입구역,1,0,FRI,06,00,19
6,2호선,봉천역,229,20221001,20221231,211,성수역,211-R,성수역,228,서울대입구역,1,0,FRI,06,10,15
6,2호선,봉천역,229,20221001,20221231,211,성수역,211-R,성수역,228,서울대입구역,1,0,FRI,06,20,11
6,2호선,봉천역,229,20221001,20221231,211,성수역,211-R,성수역,228,서울대입구역,1,0,FRI,06,30,12
6,2호선,봉천역,229,20221001,20221231,211,성수역,211-R,성수역,228,서울대입구역,1,0,FRI,06,40,15
6,2호선,봉천역,229,20221001,20221231,211,성수역,211-R,성수역,228,서울대입구역,1,0,FRI,06,50,24
11,2호선,봉천역,229,20221001,20221231,219,삼성역,211-R,성수역,228,서울대입구역,1,0,FRI,06,00,22
11,2호선,봉천역,229,20221001,20221231,219,삼성역,211-R,성수역,228,서울대입구역,1,0,FRI,06,10,11
15,2호선,봉천역,229,20221001,20221231,234,신도림역,211-R,성수역,230,신림역,0,0,FRI,06,00,48
15,2호선,봉천역,229,20221001,20221231,234,신도림역,211-R,성수역,230,신림역,0,0,FRI,06,10,45
15,2호선,봉천역,229,20221001,20221231,234,신도림역,211-R,성수역,230,신림역,0,0,FRI,06,20,40
15,2호선,봉천역,229,20221001,20221231,234,신도림역,211-R,성수역,230,신림역,0,0,FRI,06,30,37
15,2호선,봉천역,229,20221001,20221231,234,신도림역,211-R,성수역,230,신림역,0,0,FRI,06,40,43
15,2호선,봉천역,229,20221001,20221231,234,신도림역,211-R,성수역,230,신림역,0,0,FRI,06,50,62
17,2호선,봉천역,229,20221001,20221231,239,홍대입구역,211-R,성수역,230,신림역,0,0,FRI,06,00,44
17,2호선,봉천역,229,20221001,20221231,239,홍대입구역,211-R,성수역,230,신림역,0,0,FRI,06,10,22
3,2호선,봉천역,229,20221001,20221231,211,성수역,211,성수역,230,신림역,0,0,SAT,17,00,46
3,2호선,봉천역,229,20221001,20221231,211,성수역,211,성수역,230,신림역,0,0,SAT,17,10,53
3,2호선,봉천역,229,20221001,20221231,211,성수역,211,성수역,230,신림역,0,0,SAT,17,20,51
3,2호선,봉천역,229,20221001,20221231,211,성수역,211,성수역,230,신림역,0,0,SAT,17,30,35
3,2호선,봉천역,229,20221001,20221231,211,성수역,211,성수역,230,신림역,0,0,SAT,17,40,40
3,2호선,봉천역,229,20221001,20221231,211,성수역,211,성수역,230,신림역,0,0,SAT,17,50,40
4,2호선,봉천역,229,20221001,20221231,211,성수역,211,성수역,228,서울대입구역,1,0,SAT,17,20,24
4,2호선,봉천역,229,20221001,20221231,211,성수역,211,성수역,228,서울대입구역,1,0,SAT,17,30,48
4,2호선,봉천역,229,20221001,20221231,211,성수역,211,성수역,228,서울대입구역,1,0,SAT,17,40,48
4,2호선,봉천역,229,20221001,20221231,211,성수역,211,성수역,228,서울대입구역,1,0,SAT,17,50,52
5,2호선,봉천역,229,20221001,20221231,211,성수역,211-R,성수역,230,신림역,0,0,SAT,17,00,65
5,2호선,봉천역,229,20221001,20221231,211,성수역,211-R,성수역,230,신림역,0,0,SAT,17,10,52
5,2호선,봉천역,229,20221001,20221231,211,성수역,211-R,성수역,230,신림역,0,0,SAT,17,20,60
5,2호선,봉천역,229,20221001,20221231,211,성수역,211-R,성수역,230,신림역,0,0,SAT,17,30,56
5,2호선,봉천역,229,20221001,20221231,211,성수역,211-R,성수역,230,신림역,0,0,SAT,17,40,51
5,2호선,봉천역,229,20221001,20221231,211,성수역,211-R,성수역,230,신림역,0,0,SAT,17,50,52
6,2호선,봉천역,229,20221001,20221231,211,성수역,211-R,성수역,228,서울대입구역,1,0,SAT,17,00,62
6,2호선,봉천역,229,20221001,20221231,211,성수역,211-R,성수역,228,서울대입구역,1,0,SAT,17,10,60
6,2호선,봉천역,229,20221001,20221231,211,성수역,211-R,성수역,228,서울대입구역,1,0,SAT,17,20,87
6,2호선,봉천역,229,20221001,20221231,211,성수역,211-R,성수역,228,서울대입구역,1,0,SAT,17,30,72
6,2호선,봉천역,229,20221001,20221231,211,성수역,211-R,성수역,228,서울대입구역,1,0,SAT,17,40,49
6,2호선,봉천역,229,20221001,20221231,211,성수역,211-R,성수역,228,서울대입구역,1,0,SAT,17,50,56
9,2호선,봉천역,229,20221001,20221231,211,성수역,234,신도림역,228,서울대입구역,1,0,SAT,17,00,27
9,2호선,봉천역,229,20221001,20221231,211,성수역,234,신도림역,228,서울대입구역,1,0,SAT,17,10,55
9,2호선,봉천역,229,20221001,20221231,211,성수역,234,신도림역,228,서울대입구역,1,0,SAT,17,20,56
9,2호선,봉천역,229,20221001,20221231,211,성수역,234,신도림역,228,서울대입구역,1,0,SAT,17,30,50
9,2호선,봉천역,229,20221001,20221231,211,성수역,234,신도림역,228,서울대입구역,1,0,SAT,17,40,48
9,2호선,봉천역,229,20221001,20221231,211,성수역,234,신도림역,228,서울대입구역,1,0,SAT,17,50,45
3,2호선,봉천역,229,20221001,20221231,211,성수역,211,성수역,230,신림역,0,0,TUE,09,00,107
3,2호선,봉천역,229,20221001,20221231,211,성수역,211,성수역,230,신림역,0,0,TUE,09,10,107
3,2호선,봉천역,229,20221001,20221231,211,성수역,211,성수역,230,신림역,0,0,TUE,09,20,114
3,2호선,봉천역,229,20221001,20221231,211,성수역,211,성수역,230,신림역,0,0,TUE,09,30,70
3,2호선,봉천역,229,20221001,20221231,211,성수역,211,성수역,230,신림역,0,0,TUE,09,40,61
3,2호선,봉천역,229,20221001,20221231,211,성수역,211,성수역,230,신림역,0,0,TUE,09,50,49
4,2호선,봉천역,229,20221001,20221231,211,성수역,211,성수역,228,서울대입구역,1,0,TUE,09,00,33
4,2호선,봉천역,229,20221001,20221231,211,성수역,211,성수역,228,서울대입구역,1,0,TUE,09,10,34
4,2호선,봉천역,229,20221001,20221231,211,성수역,211,성수역,228,서울대입구역,1,0,TUE,09,20,25
4,2호선,봉천역,229,20221001,20221231,211,성수역,211,성수역,228,서울대입구역,1,0,TUE,09,30,24
4,2호선,봉천역,229,20221001,20221231,211,성수역,211,성수역,228,서울대입구역,1,0,TUE,09,40,17
4,2호선,봉천역,229,20221001,20221231,211,성수역,211,성수역,228,서울대입구역,1,0,TUE,09,50,17
5,2호선,봉천역,229,20221001,20221231,211,성수역,211-R,성수역,230,신림역,0,0,TUE,09,00,108
5,2호선,봉천역,229,20221001,20221231,211,성수역,211-R,성수역,230,신림역,0,0,TUE,09,10,117
5,2호선,봉천역,229,20221001,20221231,211,성수역,211-R,성수역,230,신림역,0,0,TUE,09,20,124
5,2호선,봉천역,229,20221001,20221231,211,성수역,211-R,성수역,230,신림역,0,0,TUE,09,30,122
5,2호선,봉천역,229,20221001,20221231,211,성수역,211-R,성수역,230,신림역,0,0,TUE,09,40,66
5,2호선,봉천역,229,20221001,20221231,211,성수역,211-R,성수역,230,신림역,0,0,TUE,09,50,47
6,2호선,봉천역,229,20221001,20221231,211,성수역,211-R,성수역,228,서울대입구역,1,0,TUE,09,00,31
6,2호선,봉천역,229,20221001,20221231,211,성수역,211-R,성수역,228,서울대입구역,1,0,TUE,09,10,31
6,2호선,봉천역,229,20221001,20221231,211,성수역,211-R,성수역,228,서울대입구역,1,0,TUE,09,20,34
6,2호선,봉천역,229,20221001,20221231,211,성수역,211-R,성수역,228,서울대입구역,1,0,TUE,09,30,26
6,2호선,봉천역,229,20221001,20221231,211,성수역,211-R,성수역,228,서울대입구역,1,0,TUE,09,40,18
6,2호선,봉천역,229,20221001,20221231,211,성수역,211-R,성수역,228,서울대입구역,1,0,TUE,09,50,16
9,2호선,봉천역,229,20221001,20221231,211,성수역,234,신도림역,228,서울대입구역,1,0,TUE,09,30,6
9,2호선,봉천역,229,20221001,20221231,211,성수역,234,신도림역,228,서울대입구역,1,0,TUE,09,40,12
9,2호선,봉천역,229,20221001,20221231,211,성수역,234,신도림역,228,서울대입구역,1,0,TUE,09,50,12
3,2호선,봉천역,229,20221001,20221231,211,성수역,211,성수역,230,신림역,0,0,WED,09,00,102
3,2호선,봉천역,229,20221001,20221231,211,성수역,211,성수역,230,신림역,0,0,WED,09,10,100
3,2호선,봉천역,229,20221001,20221231,211,성수역,211,성수역,230,신림역,0,0,WED,09,20,117
3,2호선,봉천역,229,20221001,20221231,211,성수역,211,성수역,230,신림역,0,0,WED,09,30,76
3,2호선,봉천역,229,20221001,20221231,211,성수역,211,성수역,230,신림역,0,0,WED,09,40,75
3,2호선,봉천역,229,20221001,20221231,211,성수역,211,성수역,230,신림역,0,0,WED,09,50,53
4,2호선,봉천역,229,20221001,20221231,211,성수역,211,성수역,228,서울대입구역,1,0,WED,09,00,32
4,2호선,봉천역,229,20221001,20221231,211,성수역,211,성수역,228,서울대입구역,1,0,WED,09,10,31
4,2호선,봉천역,229,20221001,20221231,211,성수역,211,성수역,228,서울대입구역,1,0,WED,09,20,36
4,2호선,봉천역,229,20221001,20221231,211,성수역,211,성수역,228,서울대입구역,1,0,WED,09,30,26
4,2호선,봉천역,229,20221001,20221231,211,성수역,211,성수역,228,서울대입구역,1,0,WED,09,40,22
4,2호선,봉천역,229,20221001,20221231,211,성수역,211,성수역,228,서울대입구역,1,0,WED,09,50,23
5,2호선,봉천역,229,20221001,20221231,211,성수역,211-R,성수역,230,신림역,0,0,WED,09,00,109
5,2호선,봉천역,229,20221001,20221231,211,성수역,211-R,성수역,230,신림역,0,0,WED,09,10,111
5,2호선,봉천역,229,20221001,20221231,211,성수역,211-R,성수역,230,신림역,0,0,WED,09,20,122
5,2호선,봉천역,229,20221001,20221231,211,성수역,211-R,성수역,230,신림역,0,0,WED,09,30,106
5,2호선,봉천역,229,20221001,20221231,211,성수역,211-R,성수역,230,신림역,0,0,WED,09,40,61
5,2호선,봉천역,229,20221001,20221231,211,성수역,211-R,성수역,230,신림역,0,0,WED,09,50,48
6,2호선,봉천역,229,20221001,20221231,211,성수역,211-R,성수역,228,서울대입구역,1,0,WED,09,00,30
6,2호선,봉천역,229,20221001,20221231,211,성수역,211-R,성수역,228,서울대입구역,1,0,WED,09,10,36
6,2호선,봉천역,229,20221001,20221231,211,성수역,211-R,성수역,228,서울대입구역,1,0,WED,09,20,34
6,2호선,봉천역,229,20221001,20221231,211,성수역,211-R,성수역,228,서울대입구역,1,0,WED,09,30,26
6,2호선,봉천역,229,20221001,20221231,211,성수역,211-R,성수역,228,서울대입구역,1,0,WED,09,40,22
6,2호선,봉천역,229,20221001,20221231,211,성수역,211-R,성수역,228,서울대입구역,1,0,WED,09,50,17
9,2호선,봉천역,229,20221001,20221231,211,성수역,234,신도림역,228,서울대입구역,1,0,WED,09,30,6
9,2호선,봉천역,229,20221001,20221231,211,성수역,234,신도림역,228,서울대입구역,1,0,WED,09,40,11
9,2호선,봉천역,229,20221001,20221231,211,성수역,234,신도림역,228,서울대입구역,1,0,WED,09,50,11
3,2호선,봉천역,229,20221001,20221231,211,성수역,211,성수역,230,신림역,0,0,WED,08,00,78
3,2호선,봉천역,229,20221001,20221231,211,성수역,211,성수역,230,신림역,0,0,WED,08,10,155
3,2호선,봉천역,229,20221001,20221231,211,성수역,211,성수역,230,신림역,0,0,WED,08,20,155
3,2호선,봉천역,229,20221001,20221231,211,성수역,211,성수역,230,신림역,0,0,WED,08,30,120
3,2호선,봉천역,229,20221001,20221231,211,성수역,211,성수역,230,신림역,0,0,WED,08,40,115
3,2호선,봉천역,229,20221001,20221231,211,성수역,211,성수역,230,신림역,0,0,WED,08,50,111
4,2호선,봉천역,229,20221001,20221231,211,성수역,211,성수역,228,서울대입구역,1,0,WED,08,30,17
4,2호선,봉천역,229,20221001,20221231,211,성수역,211,성수역,228,서울대입구역,1,0,WED,08,40,35
4,2호선,봉천역,229,20221001,20221231,211,성수역,211,성수역,228,서울대입구역,1,0,WED,08,50,28
5,2호선,봉천역,229,20221001,20221231,211,성수역,211-R,성수역,230,신림역,0,0,WED,08,00,151
5,2호선,봉천역,229,20221001,20221231,211,성수역,211-R,성수역,230,신림역,0,0,WED,08,10,161
5,2호선,봉천역,229,20221001,20221231,211,성수역,211-R,성수역,230,신림역,0,0,WED,08,20,166
5,2호선,봉천역,229,20221001,20221231,211,성수역,211-R,성수역,230,신림역,0,0,WED,08,30,128
5,2호선,봉천역,229,20221001,20221231,211,성수역,211-R,성수역,230,신림역,0,0,WED,08,40,116
5,2호선,봉천역,229,20221001,20221231,211,성수역,211-R,성수역,230,신림역,0,0,WED,08,50,107
6,2호선,봉천역,229,20221001,20221231,211,성수역,211-R,성수역,228,서울대입구역,1,0,WED,08,00,50
6,2호선,봉천역,229,20221001,20221231,211,성수역,211-R,성수역,228,서울대입구역,1,0,WED,08,10,53
6,2호선,봉천역,229,20221001,20221231,211,성수역,211-R,성수역,228,서울대입구역,1,0,WED,08,20,55
6,2호선,봉천역,229,20221001,20221231,211,성수역,211-R,성수역,228,서울대입구역,1,0,WED,08,30,49
6,2호선,봉천역,229,20221001,20221231,211,성수역,211-R,성수역,228,서울대입구역,1,0,WED,08,40,34
6,2호선,봉천역,229,20221001,20221231,211,성수역,211-R,성수역,228,서울대입구역,1,0,WED,08,50,31
15,2호선,봉천역,229,20221001,20221231,234,신도림역,211-R,성수역,230,신림역,0,0,WED,08,00,128
15,2호선,봉천역,229,20221001,20221231,234,신도림역,211-R,성수역,230,신림역,0,0,WED,08,10,139
15,2호선,봉천역,229,20221001,20221231,234,신도림역,211-R,성수역,230,신림역,0,0,WED,08,20,143
15,2호선,봉천역,229,20221001,20221231,234,신도림역,211-R,성수역,230,신림역,0,0,WED,08,30,120
15,2호선,봉천역,229,20221001,20221231,234,신도림역,211-R,성수역,230,신림역,0,0,WED,08,40,120
15,2호선,봉천역,229,20221001,20221231,234,신도림역,211-R,성수역,230,신림역,0,0,WED,08,50,59
3,2호선,봉천역,229,20221001,20221231,211,성수역,211,성수역,230,신림역,0,0,TUE,08,00,73
3,2호선,봉천역,229,20221001,20221231,211,성수역,211,성수역,230,신림역,0,0,TUE,08,10,146
3,2호선,봉천역,229,20221001,20221231,211,성수역,211,성수역,230,신림역,0,0,TUE,08,20,146
3,2호선,봉천역,229,20221001,20221231,211,성수역,211,성수역,230,신림역,0,0,TUE,08,30,152
3,2호선,봉천역,229,20221001,20221231,211,성수역,211,성수역,230,신림역,0,0,TUE,08,40,138
3,2호선,봉천역,229,20221001,20221231,211,성수역,211,성수역,230,신림역,0,0,TUE,08,50,122
4,2호선,봉천역,229,20221001,20221231,211,성수역,211,성수역,228,서울대입구역,1,0,TUE,08,20,17
4,2호선,봉천역,229,20221001,20221231,211,성수역,211,성수역,228,서울대입구역,1,0,TUE,08,30,35
4,2호선,봉천역,229,20221001,20221231,211,성수역,211,성수역,228,서울대입구역,1,0,TUE,08,40,35
4,2호선,봉천역,229,20221001,20221231,211,성수역,211,성수역,228,서울대입구역,1,0,TUE,08,50,33
5,2호선,봉천역,229,20221001,20221231,211,성수역,211-R,성수역,230,신림역,0,0,TUE,08,00,149
5,2호선,봉천역,229,20221001,20221231,211,성수역,211-R,성수역,230,신림역,0,0,TUE,08,10,160
5,2호선,봉천역,229,20221001,20221231,211,성수역,211-R,성수역,230,신림역,0,0,TUE,08,20,164
5,2호선,봉천역,229,20221001,20221231,211,성수역,211-R,성수역,230,신림역,0,0,TUE,08,30,136
5,2호선,봉천역,229,20221001,20221231,211,성수역,211-R,성수역,230,신림역,0,0,TUE,08,40,111
5,2호선,봉천역,229,20221001,20221231,211,성수역,211-R,성수역,230,신림역,0,0,TUE,08,50,114
6,2호선,봉천역,229,20221001,20221231,211,성수역,211-R,성수역,228,서울대입구역,1,0,TUE,08,00,50
6,2호선,봉천역,229,20221001,20221231,211,성수역,211-R,성수역,228,서울대입구역,1,0,TUE,08,10,50
6,2호선,봉천역,229,20221001,20221231,211,성수역,211-R,성수역,228,서울대입구역,1,0,TUE,08,20,55
6,2호선,봉천역,229,20221001,20221231,211,성수역,211-R,성수역,228,서울대입구역,1,0,TUE,08,30,49
6,2호선,봉천역,229,20221001,20221231,211,성수역,211-R,성수역,228,서울대입구역,1,0,TUE,08,40,34
6,2호선,봉천역,229,20221001,20221231,211,성수역,211-R,성수역,228,서울대입구역,1,0,TUE,08,50,30
15,2호선,봉천역,229,20221001,20221231,234,신도림역,211-R,성수역,230,신림역,0,0,TUE,08,00,132
15,2호선,봉천역,229,20221001,20221231,234,신도림역,211-R,성수역,230,신림역,0,0,TUE,08,10,148
15,2호선,봉천역,229,20221001,20221231,234,신도림역,211-R,성수역,230,신림역,0,0,TUE,08,20,139
15,2호선,봉천역,229,20221001,20221231,234,신도림역,211-R,성수역,230,신림역,0,0,TUE,08,30,125
15,2호선,봉천역,229,20221001,20221231,234,신도림역,211-R,성수역,230,신림역,0,0,TUE,08,40,62
3,2호선,봉천역,229,20221001,20221231,211,성수역,211,성수역,230,신림역,0,0,SAT,16,00,47
3,2호선,봉천역,229,20221001,20221231,211,성수역,211,성수역,230,신림역,0,0,SAT,16,10,47
3,2호선,봉천역,229,20221001,20221231,211,성수역,211,성수역,230,신림역,0,0,SAT,16,20,23
3,2호선,봉천역,229,20221001,20221231,211,성수역,211,성수역,230,신림역,0,0,SAT,16,50,23
5,2호선,봉천역,229,20221001,20221231,211,성수역,211-R,성수역,230,신림역,0,0,SAT,16,00,46
5,2호선,봉천역,229,20221001,20221231,211,성수역,211-R,성수역,230,신림역,0,0,SAT,16,10,67
5,2호선,봉천역,229,20221001,20221231,211,성수역,211-R,성수역,230,신림역,0,0,SAT,16,20,71
5,2호선,봉천역,229,20221001,20221231,211,성수역,211-R,성수역,230,신림역,0,0,SAT,16,30,59
5,2호선,봉천역,229,20221001,20221231,211,성수역,211-R,성수역,230,신림역,0,0,SAT,16,40,65
5,2호선,봉천역,229,20221001,20221231,211,성수역,211-R,성수역,230,신림역,0,0,SAT,16,50,69
6,2호선,봉천역,229,20221001,20221231,211,성수역,211-R,성수역,228,서울대입구역,1,0,SAT,16,00,62
6,2호선,봉천역,229,20221001,20221231,211,성수역,211-R,성수역,228,서울대입구역,1,0,SAT,16,10,76
6,2호선,봉천역,229,20221001,20221231,211,성수역,211-R,성수역,228,서울대입구역,1,0,SAT,16,20,68
6,2호선,봉천역,229,20221001,20221231,211,성수역,211-R,성수역,228,서울대입구역,1,0,SAT,16,30,70
6,2호선,봉천역,229,20221001,20221231,211,성수역,211-R,성수역,228,서울대입구역,1,0,SAT,16,40,62
6,2호선,봉천역,229,20221001,20221231,211,성수역,211-R,성수역,228,서울대입구역,1,0,SAT,16,50,69
9,2호선,봉천역,229,20221001,20221231,211,성수역,234,신도림역,228,서울대입구역,1,0,SAT,16,00,53
9,2호선,봉천역,229,20221001,20221231,211,성수역,234,신도림역,228,서울대입구역,1,0,SAT,16,10,53
9,2호선,봉천역,229,20221001,20221231,211,성수역,234,신도림역,228,서울대입구역,1,0,SAT,16,20,26
15,2호선,봉천역,229,20221001,20221231,234,신도림역,211-R,성수역,230,신림역,0,0,SAT,16,00,50
15,2호선,봉천역,229,20221001,20221231,234,신도림역,211-R,성수역,230,신림역,0,0,SAT,16,10,50
15,2호선,봉천역,229,20221001,20221231,234,신도림역,211-R,성수역,230,신림역,0,0,SAT,16,20,34
15,2호선,봉천역,229,20221001,20221231,234,신도림역,211-R,성수역,230,신림역,0,0,SAT,16,30,34
15,2호선,봉천역,229,20221001,20221231,234,신도림역,211-R,성수역,230,신림역,0,0,SAT,16,40,16
5,2호선,봉천역,229,20221001,20221231,211,성수역,211-R,성수역,230,신림역,0,0,FRI,07,00,73
5,2호선,봉천역,229,20221001,20221231,211,성수역,211-R,성수역,230,신림역,0,0,FRI,07,10,86
5,2호선,봉천역,229,20221001,20221231,211,성수역,211-R,성수역,230,신림역,0,0,FRI,07,20,83
5,2호선,봉천역,229,20221001,20221231,211,성수역,211-R,성수역,230,신림역,0,0,FRI,07,30,95
5,2호선,봉천역,229,20221001,20221231,211,성수역,211-R,성수역,230,신림역,0,0,FRI,07,40,107
5,2호선,봉천역,229,20221001,20221231,211,성수역,211-R,성수역,230,신림역,0,0,FRI,07,50,134
6,2호선,봉천역,229,20221001,20221231,211,성수역,211-R,성수역,228,서울대입구역,1,0,FRI,07,00,16
6,2호선,봉천역,229,20221001,20221231,211,성수역,211-R,성수역,228,서울대입구역,1,0,FRI,07,10,24
6,2호선,봉천역,229,20221001,20221231,211,성수역,211-R,성수역,228,서울대입구역,1,0,FRI,07,20,30
6,2호선,봉천역,229,20221001,20221231,211,성수역,211-R,성수역,228,서울대입구역,1,0,FRI,07,30,28
6,2호선,봉천역,229,20221001,20221231,211,성수역,211-R,성수역,228,서울대입구역,1,0,FRI,07,40,32
6,2호선,봉천역,229,20221001,20221231,211,성수역,211-R,성수역,228,서울대입구역,1,0,FRI,07,50,37
15,2호선,봉천역,229,20221001,20221231,234,신도림역,211-R,성수역,230,신림역,0,0,FRI,07,00,70
15,2호선,봉천역,229,20221001,20221231,234,신도림역,211-R,성수역,230,신림역,0,0,FRI,07,10,69
15,2호선,봉천역,229,20221001,20221231,234,신도림역,211-R,성수역,230,신림역,0,0,FRI,07,20,68
15,2호선,봉천역,229,20221001,20221231,234,신도림역,211-R,성수역,230,신림역,0,0,FRI,07,30,75
15,2호선,봉천역,229,20221001,20221231,234,신도림역,211-R,성수역,230,신림역,0,0,FRI,07,40,101
15,2호선,봉천역,229,20221001,20221231,234,신도림역,211-R,성수역,230,신림역,0,0,FRI,07,50,103
1,2호선,봉천역,229,20221001,20221231,202,을지로입구역,211-R,성수역,230,신림역,0,0,MON,06,00,47
1,2호선,봉천역,229,20221001,20221231,202,을지로입구역,211-R,성수역,230,신림역,0,0,MON,06,10,47
1,2호선,봉천역,229,20221001,20221231,202,을지로입구역,211-R,성수역,230,신림역,0,0,MON,06,20,23
5,2호선,봉천역,229,20221001,20221231,211,성수역,211-R,성수역,230,신림역,0,0,MON,06,00,61
5,2호선,봉천역,229,20221001,20221231,211,성수역,211-R,성수역,230,신림역,0,0,MON,06,10,61
5,2호선,봉천역,229,20221001,20221231,211,성수역,211-R,성수역,230,신림역,0,0,MON,06,20,53
5,2호선,봉천역,229,20221001,20221231,211,성수역,211-R,성수역,230,신림역,0,0,MON,06,30,53
5,2호선,봉천역,229,20221001,20221231,211,성수역,211-R,성수역,230,신림역,0,0,MON,06,40,54
5,2호선,봉천역,229,20221001,20221231,211,성수역,211-R,성수역,230,신림역,0,0,MON,06,50,66
6,2호선,봉천역,229,20221001,20221231,211,성수역,211-R,성수역,228,서울대입구역,1,0,MON,06,00,18
6,2호선,봉천역,229,20221001,20221231,211,성수역,211-R,성수역,228,서울대입구역,1,0,MON,06,10,14
6,2호선,봉천역,229,20221001,20221231,211,성수역,211-R,성수역,228,서울대입구역,1,0,MON,06,20,11
6,2호선,봉천역,229,20221001,20221231,211,성수역,211-R,성수역,228,서울대입구역,1,0,MON,06,30,11
6,2호선,봉천역,229,20221001,20221231,211,성수역,211-R,성수역,228,서울대입구역,1,0,MON,06,40,16
6,2호선,봉천역,229,20221001,20221231,211,성수역,211-R,성수역,228,서울대입구역,1,0,MON,06,50,24
11,2호선,봉천역,229,20221001,20221231,219,삼성역,211-R,성수역,228,서울대입구역,1,0,MON,06,00,18
11,2호선,봉천역,229,20221001,20221231,219,삼성역,211-R,성수역,228,서울대입구역,1,0,MON,06,10,9
15,2호선,봉천역,229,20221001,20221231,234,신도림역,211-R,성수역,230,신림역,0,0,MON,06,00,46
15,2호선,봉천역,229,20221001,20221231,234,신도림역,211-R,성수역,230,신림역,0,0,MON,06,10,49
15,2호선,봉천역,229,20221001,20221231,234,신도림역,211-R,성수역,230,신림역,0,0,MON,06,20,42
15,2호선,봉천역,229,20221001,20221231,234,신도림역,211-R,성수역,230,신림역,0,0,MON,06,30,40
15,2호선,봉천역,229,20221001,20221231,234,신도림역,211-R,성수역,230,신림역,0,0,MON,06,40,47
15,2호선,봉천역,229,20221001,20221231,234,신도림역,211-R,성수역,230,신림역,0,0,MON,06,50,68
17,2호선,봉천역,229,20221001,20221231,239,홍대입구역,211-R,성수역,230,신림역,0,0,MON,06,00,51
17,2호선,봉천역,229,20221001,20221231,239,홍대입구역,211-R,성수역,230,신림역,0,0,MON,06,10,25
3,2호선,봉천역,229,20221001,20221231,211,성수역,211,성수역,230,신림역,0,0,SUN,08,00,20
3,2호선,봉천역,229,20221001,20221231,211,성수역,211,성수역,230,신림역,0,0,SUN,08,10,21
3,2호선,봉천역,229,20221001,20221231,211,성수역,211,성수역,230,신림역,0,0,SUN,08,20,28
3,2호선,봉천역,229,20221001,20221231,211,성수역,211,성수역,230,신림역,0,0,SUN,08,30,28
3,2호선,봉천역,229,20221001,20221231,211,성수역,211,성수역,230,신림역,0,0,SUN,08,40,29
3,2호선,봉천역,229,20221001,20221231,211,성수역,211,성수역,230,신림역,0,0,SUN,08,50,29
5,2호선,봉천역,229,20221001,20221231,211,성수역,211-R,성수역,230,신림역,0,0,SUN,08,00,23
5,2호선,봉천역,229,20221001,20221231,211,성수역,211-R,성수역,230,신림역,0,0,SUN,08,10,30
5,2호선,봉천역,229,20221001,20221231,211,성수역,211-R,성수역,230,신림역,0,0,SUN,08,20,29
5,2호선,봉천역,229,20221001,20221231,211,성수역,211-R,성수역,230,신림역,0,0,SUN,08,30,34
5,2호선,봉천역,229,20221001,20221231,211,성수역,211-R,성수역,230,신림역,0,0,SUN,08,40,35
5,2호선,봉천역,229,20221001,20221231,211,성수역,211-R,성수역,230,신림역,0,0,SUN,08,50,26
6,2호선,봉천역,229,20221001,20221231,211,성수역,211-R,성수역,228,서울대입구역,1,0,SUN,08,00,7
6,2호선,봉천역,229,20221001,20221231,211,성수역,211-R,성수역,228,서울대입구역,1,0,SUN,08,10,8
6,2호선,봉천역,229,20221001,20221231,211,성수역,211-R,성수역,228,서울대입구역,1,0,SUN,08,20,9
6,2호선,봉천역,229,20221001,20221231,211,성수역,211-R,성수역,228,서울대입구역,1,0,SUN,08,30,11
6,2호선,봉천역,229,20221001,20221231,211,성수역,211-R,성수역,228,서울대입구역,1,0,SUN,08,40,9
6,2호선,봉천역,229,20221001,20221231,211,성수역,211-R,성수역,228,서울대입구역,1,0,SUN,08,50,10
15,2호선,봉천역,229,20221001,20221231,234,신도림역,211-R,성수역,230,신림역,0,0,SUN,08,00,11
15,2호선,봉천역,229,20221001,20221231,234,신도림역,211-R,성수역,230,신림역,0,0,SUN,08,10,11
15,2호선,봉천역,229,20221001,20221231,234,신도림역,211-R,성수역,230,신림역,0,0,SUN,08,20,12
15,2호선,봉천역,229,20221001,20221231,234,신도림역,211-R,성수역,230,신림역,0,0,SUN,08,30,13
15,2호선,봉천역,229,20221001,20221231,234,신도림역,211-R,성수역,230,신림역,0,0,SUN,08,40,13
15,2호선,봉천역,229,20221001,20221231,234,신도림역,211-R,성수역,230,신림역,0,0,SUN,08,50,14
3,2호선,봉천역,229,20221001,20221231,211,성수역,211,성수역,230,신림역,0,0,THU,19,00,39
3,2호선,봉천역,229,20221001,20221231,211,성수역,211,성수역,230,신림역,0,0,THU,19,10,39
3,2호선,봉천역,229,20221001,20221231,211,성수역,211,성수역,230,신림역,0,0,THU,19,20,31
3,2호선,봉천역,229,20221001,20221231,211,성수역,211,성수역,230,신림역,0,0,THU,19,30,26
3,2호선,봉천역,229,20221001,20221231,211,성수역,211,성수역,230,신림역,0,0,THU,19,40,30
3,2호선,봉천역,229,20221001,20221231,211,성수역,211,성수역,230,신림역,0,0,THU,19,50,22
4,2호선,봉천역,229,20221001,20221231,211,성수역,211,성수역,228,서울대입구역,1,0,THU,19,00,95
4,2호선,봉천역,229,20221001,20221231,211,성수역,211,성수역,228,서울대입구역,1,0,THU,19,10,95
4,2호선,봉천역,229,20221001,20221231,211,성수역,211,성수역,228,서울대입구역,1,0,THU,19,20,81
4,2호선,봉천역,229,20221001,20221231,211,성수역,211,성수역,228,서울대입구역,1,0,THU,19,30,68
4,2호선,봉천역,229,20221001,20221231,211,성수역,211,성수역,228,서울대입구역,1,0,THU,19,40,56
4,2호선,봉천역,229,20221001,20221231,211,성수역,211,성수역,228,서울대입구역,1,0,THU,19,50,58
5,2호선,봉천역,229,20221001,20221231,211,성수역,211-R,성수역,230,신림역,0,0,THU,19,00,53
5,2호선,봉천역,229,20221001,20221231,211,성수역,211-R,성수역,230,신림역,0,0,THU,19,10,42
5,2호선,봉천역,229,20221001,20221231,211,성수역,211-R,성수역,230,신림역,0,0,THU,19,20,38
5,2호선,봉천역,229,20221001,20221231,211,성수역,211-R,성수역,230,신림역,0,0,THU,19,30,29
5,2호선,봉천역,229,20221001,20221231,211,성수역,211-R,성수역,230,신림역,0,0,THU,19,40,28
5,2호선,봉천역,229,20221001,20221231,211,성수역,211-R,성수역,230,신림역,0,0,THU,19,50,32
6,2호선,봉천역,229,20221001,20221231,211,성수역,211-R,성수역,228,서울대입구역,1,0,THU,19,00,117
6,2호선,봉천역,229,20221001,20221231,211,성수역,211-R,성수역,228,서울대입구역,1,0,THU,19,10,95
6,2호선,봉천역,229,20221001,20221231,211,성수역,211-R,성수역,228,서울대입구역,1,0,THU,19,20,88
6,2호선,봉천역,229,20221001,20221231,211,성수역,211-R,성수역,228,서울대입구역,1,0,THU,19,30,94
6,2호선,봉천역,229,20221001,20221231,211,성수역,211-R,성수역,228,서울대입구역,1,0,THU,19,40,65
6,2호선,봉천역,229,20221001,20221231,211,성수역,211-R,성수역,228,서울대입구역,1,0,THU,19,50,55
9,2호선,봉천역,229,20221001,20221231,211,성수역,234,신도림역,228,서울대입구역,1,0,THU,19,10,24
9,2호선,봉천역,229,20221001,20221231,211,성수역,234,신도림역,228,서울대입구역,1,0,THU,19,20,48
9,2호선,봉천역,229,20221001,20221231,211,성수역,234,신도림역,228,서울대입구역,1,0,THU,19,30,48
9,2호선,봉천역,229,20221001,20221231,211,성수역,234,신도림역,228,서울대입구역,1,0,THU,19,40,59
9,2호선,봉천역,229,20221001,20221231,211,성수역,234,신도림역,228,서울대입구역,1,0,THU,19,50,59
