,subwayLine,stationName,stationCode,statStartDate,statEndDate,startStationCode,startStationName,endStationCode,endStationName,prevStationCode,prevStationName,updnLine,directAt,dow,hh,mm,getOffCarRate
0,1호선,서울역,133,20220926,20221225,100,소요산역,141,구로역,132,시청역,1,0,MON,08,00,"[16, 16, 10, 12, 5, 4, 5, 11, 7, 14]"
0,1호선,서울역,133,20220926,20221225,100,소요산역,141,구로역,132,시청역,1,0,MON,08,10,"[14, 16, 10, 12, 5, 4, 6, 11, 7, 15]"
0,1호선,서울역,133,20220926,20221225,100,소요산역,141,구로역,132,시청역,1,0,MON,08,20,"[14, 15, 11, 12, 4, 4, 6, 11, 7, 15]"
0,1호선,서울역,133,20220926,20221225,100,소요산역,141,구로역,132,시청역,1,0,MON,08,30,"[15, 13, 10, 12, 5, 4, 6, 12, 8, 15]"
0,1호선,서울역,133,20220926,20221225,100,소요산역,141,구로역,132,시청역,1,0,MON,08,40,"[12, 13, 10, 13, 5, 4, 7, 12, 7, 18]"
0,1호선,서울역,133,20220926,20221225,100,소요산역,141,구로역,132,시청역,1,0,MON,08,50,"[9, 13, 9, 13, 5, 4, 7, 11, 8, 20]"
1,1호선,서울역,133,20220926,20221225,100,소요산역,161,인천역,132,시청역,1,0,MON,08,00,"[15, 16, 11, 11, 5, 5, 6, 10, 7, 15]"
1,1호선,서울역,133,20220926,20221225,100,소요산역,161,인천역,132,시청역,1,0,MON,08,10,"[14, 15, 11, 12, 5, 4, 6, 10, 7, 15]"
1,1호선,서울역,133,20220926,20221225,100,소요산역,161,인천역,132,시청역,1,0,MON,08,20,"[13, 14, 10, 13, 5, 4, 7, 10, 8, 15]"
1,1호선,서울역,133,20220926,20221225,100,소요산역,161,인천역,132,시청역,1,0,MON,08,30,"[13, 12, 10, 14, 5, 4, 7, 11, 8, 15]"
1,1호선,서울역,133,20220926,20221225,100,소요산역,161,인천역,132,시청역,1,0,MON,08,40,"[12, 12, 10, 14, 6, 4, 8, 11, 8, 15]"
1,1호선,서울역,133,20220926,20221225,100,소요산역,161,인천역,132,시청역,1,0,MON,08,50,"[11, 12, 10, 15, 6, 3, 7, 11, 8, 17]"
2,1호선,서울역,133,20220926,20221225,101,동두천역,141,구로역,132,시청역,1,0,MON,08,00,"[16, 16, 10, 12, 5, 4, 5, 11, 7, 14]"
2,1호선,서울역,133,20220926,20221225,101,동두천역,141,구로역,132,시청역,1,0,MON,08,10,"[15, 15, 11, 12, 5, 4, 6, 11, 7, 15]"
2,1호선,서울역,133,20220926,20221225,101,동두천역,141,구로역,132,시청역,1,0,MON,08,20,"[14, 14, 10, 13, 5, 4, 7, 11, 8, 15]"
2,1호선,서울역,133,20220926,20221225,101,동두천역,141,구로역,132,시청역,1,0,MON,08,30,"[14, 13, 10, 14, 5, 4, 7, 11, 8, 16]"
2,1호선,서울역,133,20220926,20221225,101,동두천역,141,구로역,132,시청역,1,0,MON,08,40,"[12, 12, 9, 14, 5, 4, 7, 11, 8, 17]"
2,1호선,서울역,133,20220926,20221225,101,동두천역,141,구로역,132,시청역,1,0,MON,08,50,"[11, 13, 9, 14, 5, 3, 7, 11, 8, 19]"
3,1호선,서울역,133,20220926,20221225,101,동두천역,152,부평역,132,시청역,1,0,MON,08,00,"[16, 16, 10, 12, 5, 4, 5, 11, 7, 14]"
3,1호선,서울역,133,20220926,20221225,101,동두천역,152,부평역,132,시청역,1,0,MON,08,10,"[15, 15, 11, 12, 5, 4, 6, 11, 7, 15]"
3,1호선,서울역,133,20220926,20221225,101,동두천역,152,부평역,132,시청역,1,0,MON,08,20,"[15, 14, 11, 12, 5, 4, 6, 11, 7, 15]"
3,1호선,서울역,133,20220926,20221225,101,동두천역,152,부평역,132,시청역,1,0,MON,08,30,"[15, 13, 10, 13, 5, 4, 7, 11, 7, 15]"
3,1호선,서울역,133,20220926,20221225,101,동두천역,152,부평역,132,시청역,1,0,MON,08,40,"[13, 12, 10, 14, 5, 3, 8, 11, 7, 15]"
3,1호선,서울역,133,20220926,20221225,101,동두천역,152,부평역,132,시청역,1,0,MON,08,50,"[11, 12, 10, 15, 5, 3, 7, 11, 7, 18]"
4,1호선,서울역,133,20220926,20221225,101,동두천역,161,인천역,132,시청역,1,0,MON,08,00,"[16, 16, 10, 12, 5, 5, 5, 10, 7, 14]"
4,1호선,서울역,133,20220926,20221225,101,동두천역,161,인천역,132,시청역,1,0,MON,08,10,"[15, 16, 11, 11, 5, 4, 5, 11, 7, 14]"
4,1호선,서울역,133,20220926,20221225,101,동두천역,161,인천역,132,시청역,1,0,MON,08,20,"[14, 15, 10, 12, 6, 4, 6, 10, 9, 15]"
4,1호선,서울역,133,20220926,20221225,101,동두천역,161,인천역,132,시청역,1,0,MON,08,30,"[14, 13, 9, 14, 6, 4, 6, 11, 8, 16]"
4,1호선,서울역,133,20220926,20221225,101,동두천역,161,인천역,132,시청역,1,0,MON,08,40,"[11, 12, 8, 14, 6, 4, 7, 11, 8, 19]"
4,1호선,서울역,133,20220926,20221225,101,동두천역,161,인천역,132,시청역,1,0,MON,08,50,"[11, 12, 9, 14, 6, 3, 7, 11, 8, 19]"
5,1호선,서울역,133,20220926,20221225,101,동두천역,161,인천역,132,시청역,1,1,MON,08,00,"[16, 16, 10, 12, 5, 5, 5, 11, 7, 14]"
5,1호선,서울역,133,20220926,20221225,101,동두천역,161,인천역,132,시청역,1,1,MON,08,10,"[15, 15, 10, 13, 5, 4, 6, 11, 7, 14]"
5,1호선,서울역,133,20220926,20221225,101,동두천역,161,인천역,132,시청역,1,1,MON,08,20,"[13, 14, 10, 13, 5, 4, 7, 11, 8, 15]"
5,1호선,서울역,133,20220926,20221225,101,동두천역,161,인천역,132,시청역,1,1,MON,08,30,"[14, 13, 10, 14, 5, 4, 7, 11, 8, 16]"
5,1호선,서울역,133,20220926,20221225,101,동두천역,161,인천역,132,시청역,1,1,MON,08,40,"[12, 12, 9, 14, 5, 4, 7, 11, 8, 17]"
5,1호선,서울역,133,20220926,20221225,101,동두천역,161,인천역,132,시청역,1,1,MON,08,50,"[12, 13, 9, 15, 6, 3, 7, 11, 7, 18]"
6,1호선,서울역,133,20220926,20221225,107,양주역,133,서울역,132,시청역,1,0,MON,08,00,"[16, 16, 10, 12, 5, 4, 5, 11, 7, 14]"
6,1호선,서울역,133,20220926,20221225,107,양주역,133,서울역,132,시청역,1,0,MON,08,10,"[15, 15, 11, 12, 5, 4, 6, 11, 7, 15]"
6,1호선,서울역,133,20220926,20221225,107,양주역,133,서울역,132,시청역,1,0,MON,08,20,"[14, 14, 10, 13, 5, 4, 7, 11, 8, 15]"
6,1호선,서울역,133,20220926,20221225,107,양주역,133,서울역,132,시청역,1,0,MON,08,30,"[14, 13, 10, 14, 5, 4, 7, 11, 8, 16]"
6,1호선,서울역,133,20220926,20221225,107,양주역,133,서울역,132,시청역,1,0,MON,08,40,"[12, 12, 9, 14, 5, 4, 7, 11, 8, 17]"
6,1호선,서울역,133,20220926,20221225,107,양주역,133,서울역,132,시청역,1,0,MON,08,50,"[11, 13, 9, 14, 5, 3, 7, 11, 8, 19]"
7,1호선,서울역,133,20220926,20221225,107,양주역,141,구로역,132,시청역,1,0,MON,08,00,"[16, 16, 10, 12, 5, 4, 5, 11, 7, 14]"
7,1호선,서울역,133,20220926,20221225,107,양주역,141,구로역,132,시청역,1,0,MON,08,10,"[15, 15, 11, 12, 5, 4, 6, 11, 7, 15]"
7,1호선,서울역,133,20220926,20221225,107,양주역,141,구로역,132,시청역,1,0,MON,08,20,"[14, 14, 10, 13, 5, 4, 7, 11, 8, 15]"
7,1호선,서울역,133,20220926,20221225,107,양주역,141,구로역,132,시청역,1,0,MON,08,30,"[14, 13, 10, 14, 5, 4, 7, 11, 8, 16]"
7,1호선,서울역,133,20220926,20221225,107,양주역,141,구로역,132,시청역,1,0,MON,08,40,"[12, 12, 9, 14, 5, 4, 7, 11, 8, 17]"
7,1호선,서울역,133,20220926,20221225,107,양주역,141,구로역,132,시청역,1,0,MON,08,50,"[11, 13, 9, 14, 5, 3, 7, 11, 8, 19]"
8,1호선,서울역,133,20220926,20221225,107,양주역,152,부평역,132,시청역,1,0,MON,08,00,"[16, 16, 10, 12, 5, 5, 5, 10, 7, 14]"
8,1호선,서울역,133,20220926,20221225,107,양주역,152,부평역,132,시청역,1,0,MON,08,10,"[15, 15, 11, 13, 5, 4, 6, 10, 7, 14]"
8,1호선,서울역,133,20220926,20221225,107,양주역,152,부평역,132,시청역,1,0,MON,08,20,"[14, 14, 10, 13, 5, 4, 7, 10, 8, 15]"
8,1호선,서울역,133,20220926,20221225,107,양주역,152,부평역,132,시청역,1,0,MON,08,30,"[14, 13, 9, 14, 6, 4, 7, 11, 8, 16]"
8,1호선,서울역,133,20220926,20221225,107,양주역,152,부평역,132,시청역,1,0,MON,08,40,"[12, 12, 9, 15, 6, 4, 8, 10, 7, 17]"
8,1호선,서울역,133,20220926,20221225,107,양주역,152,부평역,132,시청역,1,0,MON,08,50,"[11, 13, 9, 14, 5, 3, 7, 11, 8, 19]"
9,1호선,서울역,133,20220926,20221225,107,양주역,161,인천역,132,시청역,1,0,MON,08,00,"[15, 16, 10, 12, 5, 5, 5, 11, 7, 15]"
9,1호선,서울역,133,20220926,20221225,107,양주역,161,인천역,132,시청역,1,0,MON,08,10,"[15, 15, 11, 12, 5, 4, 6, 11, 7, 15]"
9,1호선,서울역,133,20220926,20221225,107,양주역,161,인천역,132,시청역,1,0,MON,08,20,"[14, 14, 10, 12, 5, 4, 6, 11, 8, 15]"
9,1호선,서울역,133,20220926,20221225,107,양주역,161,인천역,132,시청역,1,0,MON,08,30,"[14, 13, 10, 13, 5, 4, 7, 12, 7, 16]"
9,1호선,서울역,133,20220926,20221225,107,양주역,161,인천역,132,시청역,1,0,MON,08,40,"[13, 12, 9, 14, 5, 4, 7, 12, 7, 17]"
9,1호선,서울역,133,20220926,20221225,107,양주역,161,인천역,132,시청역,1,0,MON,08,50,"[11, 12, 9, 15, 5, 4, 7, 11, 7, 19]"
10,1호선,서울역,133,20220926,20221225,110,의정부역,141,구로역,132,시청역,1,0,MON,08,00,"[16, 16, 10, 12, 5, 4, 5, 11, 7, 14]"
10,1호선,서울역,133,20220926,20221225,110,의정부역,141,구로역,132,시청역,1,0,MON,08,10,"[15, 15, 11, 12, 5, 4, 6, 11, 7, 15]"
10,1호선,서울역,133,20220926,20221225,110,의정부역,141,구로역,132,시청역,1,0,MON,08,20,"[14, 14, 10, 13, 5, 4, 7, 11, 8, 15]"
10,1호선,서울역,133,20220926,20221225,110,의정부역,141,구로역,132,시청역,1,0,MON,08,30,"[14, 13, 10, 14, 5, 4, 7, 11, 8, 16]"
10,1호선,서울역,133,20220926,20221225,110,의정부역,141,구로역,132,시청역,1,0,MON,08,40,"[12, 12, 9, 14, 5, 4, 7, 11, 8, 17]"
10,1호선,서울역,133,20220926,20221225,110,의정부역,141,구로역,132,시청역,1,0,MON,08,50,"[11, 13, 9, 14, 5, 3, 7, 11, 8, 19]"
11,1호선,서울역,133,20220926,20221225,110,의정부역,161,인천역,132,시청역,1,0,MON,08,00,"[16, 16, 10, 12, 5, 4, 5, 11, 7, 14]"
11,1호선,서울역,133,20220926,20221225,110,의정부역,161,인천역,132,시청역,1,0,MON,08,10,"[15, 15, 11, 12, 5, 4, 6, 11, 7, 15]"
11,1호선,서울역,133,20220926,20221225,110,의정부역,161,인천역,132,시청역,1,0,MON,08,20,"[14, 14, 10, 13, 5, 4, 7, 11, 8, 15]"
11,1호선,서울역,133,20220926,20221225,110,의정부역,161,인천역,132,시청역,1,0,MON,08,30,"[14, 13, 10, 14, 5, 4, 7, 11, 8, 16]"
11,1호선,서울역,133,20220926,20221225,110,의정부역,161,인천역,132,시청역,1,0,MON,08,40,"[12, 12, 9, 14, 5, 4, 7, 11, 8, 17]"
11,1호선,서울역,133,20220926,20221225,110,의정부역,161,인천역,132,시청역,1,0,MON,08,50,"[11, 13, 9, 14, 5, 3, 7, 11, 8, 19]"
12,1호선,서울역,133,20220926,20221225,110,의정부역,P157-1,서동탄역,132,시청역,1,0,MON,08,00,"[15, 15, 10, 11, 6, 5, 6, 11, 7, 15]"
12,1호선,서울역,133,20220926,20221225,110,의정부역,P157-1,서동탄역,132,시청역,1,0,MON,08,10,"[14, 14, 10, 13, 5, 4, 7, 11, 7, 15]"
12,1호선,서울역,133,20220926,20221225,110,의정부역,P157-1,서동탄역,132,시청역,1,0,MON,08,20,"[13, 13, 10, 13, 6, 3, 7, 11, 8, 16]"
12,1호선,서울역,133,20220926,20221225,110,의정부역,P157-1,서동탄역,132,시청역,1,0,MON,08,30,"[12, 12, 9, 14, 5, 3, 8, 11, 8, 16]"
12,1호선,서울역,133,20220926,20221225,110,의정부역,P157-1,서동탄역,132,시청역,1,0,MON,08,40,"[12, 12, 9, 14, 5, 4, 7, 11, 8, 17]"
12,1호선,서울역,133,20220926,20221225,110,의정부역,P157-1,서동탄역,132,시청역,1,0,MON,08,50,"[11, 13, 9, 14, 5, 3, 7, 11, 8, 19]"
13,1호선,서울역,133,20220926,20221225,116,창동역,161,인천역,132,시청역,1,0,MON,08,00,"[16, 16, 10, 12, 5, 4, 5, 11, 7, 14]"
13,1호선,서울역,133,20220926,20221225,116,창동역,161,인천역,132,시청역,1,0,MON,08,10,"[15, 15, 11, 12, 5, 4, 6, 11, 7, 15]"
13,1호선,서울역,133,20220926,20221225,116,창동역,161,인천역,132,시청역,1,0,MON,08,20,"[14, 14, 10, 13, 5, 4, 7, 11, 8, 15]"
13,1호선,서울역,133,20220926,20221225,116,창동역,161,인천역,132,시청역,1,0,MON,08,30,"[14, 13, 10, 14, 5, 4, 7, 11, 8, 16]"
13,1호선,서울역,133,20220926,20221225,116,창동역,161,인천역,132,시청역,1,0,MON,08,40,"[12, 12, 9, 14, 5, 4, 7, 11, 8, 17]"
13,1호선,서울역,133,20220926,20221225,116,창동역,161,인천역,132,시청역,1,0,MON,08,50,"[11, 13, 9, 14, 5, 3, 7, 11, 8, 19]"
14,1호선,서울역,133,20220926,20221225,119,광운대역,141,구로역,132,시청역,1,0,MON,08,00,"[16, 16, 10, 12, 5, 4, 5, 11, 7, 14]"
14,1호선,서울역,133,20220926,20221225,119,광운대역,141,구로역,132,시청역,1,0,MON,08,10,"[15, 15, 11, 12, 5, 4, 6, 11, 7, 15]"
14,1호선,서울역,133,20220926,20221225,119,광운대역,141,구로역,132,시청역,1,0,MON,08,20,"[14, 14, 10, 13, 5, 4, 7, 11, 8, 15]"
14,1호선,서울역,133,20220926,20221225,119,광운대역,141,구로역,132,시청역,1,0,MON,08,30,"[14, 13, 10, 14, 5, 4, 7, 11, 8, 16]"
14,1호선,서울역,133,20220926,20221225,119,광운대역,141,구로역,132,시청역,1,0,MON,08,40,"[12, 12, 9, 14, 5, 4, 7, 11, 8, 17]"
14,1호선,서울역,133,20220926,20221225,119,광운대역,141,구로역,132,시청역,1,0,MON,08,50,"[11, 13, 9, 14, 5, 3, 7, 11, 8, 19]"
15,1호선,서울역,133,20220926,20221225,119,광운대역,161,인천역,132,시청역,1,0,MON,08,00,"[16, 16, 10, 12, 5, 4, 5, 11, 7, 14]"
15,1호선,서울역,133,20220926,20221225,119,광운대역,161,인천역,132,시청역,1,0,MON,08,10,"[15, 15, 11, 12, 5, 4, 6, 11, 7, 15]"
15,1호선,서울역,133,20220926,20221225,119,광운대역,161,인천역,132,시청역,1,0,MON,08,20,"[14, 14, 10, 13, 5, 4, 7, 11, 8, 15]"
15,1호선,서울역,133,20220926,20221225,119,광운대역,161,인천역,132,시청역,1,0,MON,08,30,"[14, 13, 10, 14, 5, 4, 7, 11, 8, 16]"
15,1호선,서울역,133,20220926,20221225,119,광운대역,161,인천역,132,시청역,1,0,MON,08,40,"[12, 12, 9, 14, 5, 4, 7, 11, 8, 17]"
15,1호선,서울역,133,20220926,20221225,119,광운대역,161,인천역,132,시청역,1,0,MON,08,50,"[11, 13, 9, 14, 5, 3, 7, 11, 8, 19]"
16,1호선,서울역,133,20220926,20221225,119,광운대역,P157,병점역,132,시청역,1,0,MON,08,00,"[16, 16, 10, 12, 5, 4, 5, 11, 7, 14]"
16,1호선,서울역,133,20220926,20221225,119,광운대역,P157,병점역,132,시청역,1,0,MON,08,10,"[15, 15, 11, 12, 5, 4, 6, 11, 7, 15]"
16,1호선,서울역,133,20220926,20221225,119,광운대역,P157,병점역,132,시청역,1,0,MON,08,20,"[14, 14, 10, 13, 5, 4, 7, 11, 8, 15]"
16,1호선,서울역,133,20220926,20221225,119,광운대역,P157,병점역,132,시청역,1,0,MON,08,30,"[14, 13, 10, 14, 5, 4, 7, 11, 8, 16]"
16,1호선,서울역,133,20220926,20221225,119,광운대역,P157,병점역,132,시청역,1,0,MON,08,40,"[12, 12, 9, 14, 5, 4, 7, 11, 8, 17]"
16,1호선,서울역,133,20220926,20221225,119,광운대역,P157,병점역,132,시청역,1,0,MON,08,50,"[11, 13, 9, 14, 5, 3, 7, 11, 8, 19]"
17,1호선,서울역,133,20220926,20221225,119,광운대역,P157-1,서동탄역,132,시청역,1,0,MON,08,00,"[16, 16, 10, 12, 5, 4, 5, 11, 7, 14]"
17,1호선,서울역,133,20220926,20221225,119,광운대역,P157-1,서동탄역,132,시청역,1,0,MON,08,10,"[15, 16, 10, 12, 5, 4, 6, 10, 7, 15]"
17,1호선,서울역,133,20220926,20221225,119,광운대역,P157-1,서동탄역,132,시청역,1,0,MON,08,20,"[14, 14, 10, 12, 5, 4, 6, 10, 8, 15]"
17,1호선,서울역,133,20220926,20221225,119,광운대역,P157-1,서동탄역,132,시청역,1,0,MON,08,30,"[14, 13, 9, 13, 6, 4, 6, 11, 9, 16]"
17,1호선,서울역,133,20220926,20221225,119,광운대역,P157-1,서동탄역,132,시청역,1,0,MON,08,40,"[13, 12, 9, 13, 6, 4, 7, 10, 9, 17]"
17,1호선,서울역,133,20220926,20221225,119,광운대역,P157-1,서동탄역,132,시청역,1,0,MON,08,50,"[12, 13, 8, 14, 6, 3, 7, 9, 9, 18]"
18,1호선,서울역,133,20220926,20221225,119,광운대역,P169,천안역,132,시청역,1,0,MON,08,00,"[16, 16, 10, 12, 5, 4, 5, 11, 7, 14]"
18,1호선,서울역,133,20220926,20221225,119,광운대역,P169,천안역,132,시청역,1,0,MON,08,10,"[15, 15, 11, 12, 5, 4, 6, 11, 7, 15]"
18,1호선,서울역,133,20220926,20221225,119,광운대역,P169,천안역,132,시청역,1,0,MON,08,20,"[14, 14, 10, 13, 5, 4, 7, 11, 8, 15]"
18,1호선,서울역,133,20220926,20221225,119,광운대역,P169,천안역,132,시청역,1,0,MON,08,30,"[14, 13, 10, 14, 5, 4, 7, 11, 8, 16]"
18,1호선,서울역,133,20220926,20221225,119,광운대역,P169,천안역,132,시청역,1,0,MON,08,40,"[12, 12, 9, 14, 5, 4, 7, 11, 8, 17]"
18,1호선,서울역,133,20220926,20221225,119,광운대역,P169,천안역,132,시청역,1,0,MON,08,50,"[11, 13, 9, 14, 5, 3, 7, 11, 8, 19]"
19,1호선,서울역,133,20220926,20221225,119,광운대역,P177,신창역,132,시청역,1,0,MON,08,00,"[16, 17, 10, 11, 5, 4, 5, 11, 6, 15]"
19,1호선,서울역,133,20220926,20221225,119,광운대역,P177,신창역,132,시청역,1,0,MON,08,10,"[15, 15, 11, 13, 5, 3, 6, 11, 6, 14]"
19,1호선,서울역,133,20220926,20221225,119,광운대역,P177,신창역,132,시청역,1,0,MON,08,20,"[14, 14, 11, 13, 5, 3, 7, 12, 7, 14]"
19,1호선,서울역,133,20220926,20221225,119,광운대역,P177,신창역,132,시청역,1,0,MON,08,30,"[14, 12, 10, 15, 6, 3, 7, 13, 7, 14]"
19,1호선,서울역,133,20220926,20221225,119,광운대역,P177,신창역,132,시청역,1,0,MON,08,40,"[12, 13, 9, 14, 5, 3, 7, 11, 7, 17]"
19,1호선,서울역,133,20220926,20221225,119,광운대역,P177,신창역,132,시청역,1,0,MON,08,50,"[11, 13, 9, 14, 5, 3, 7, 11, 7, 19]"
20,1호선,서울역,133,20220926,20221225,124,청량리역,133,서울역,132,시청역,1,0,MON,08,00,"[16, 16, 10, 12, 5, 4, 5, 11, 7, 14]"
20,1호선,서울역,133,20220926,20221225,124,청량리역,133,서울역,132,시청역,1,0,MON,08,10,"[15, 15, 11, 12, 5, 4, 6, 11, 7, 15]"
20,1호선,서울역,133,20220926,20221225,124,청량리역,133,서울역,132,시청역,1,0,MON,08,20,"[14, 14, 10, 13, 5, 4, 7, 11, 8, 15]"
20,1호선,서울역,133,20220926,20221225,124,청량리역,133,서울역,132,시청역,1,0,MON,08,30,"[14, 13, 10, 14, 5, 4, 7, 11, 8, 16]"
20,1호선,서울역,133,20220926,20221225,124,청량리역,133,서울역,132,시청역,1,0,MON,08,40,"[12, 12, 9, 14, 5, 4, 7, 11, 8, 17]"
20,1호선,서울역,133,20220926,20221225,124,청량리역,133,서울역,132,시청역,1,0,MON,08,50,"[11, 13, 9, 14, 5, 3, 7, 11, 8, 19]"
21,1호선,서울역,133,20220926,20221225,124,청량리역,141,구로역,132,시청역,1,0,MON,08,00,"[16, 16, 10, 12, 5, 4, 5, 11, 7, 14]"
21,1호선,서울역,133,20220926,20221225,124,청량리역,141,구로역,132,시청역,1,0,MON,08,10,"[15, 15, 11, 12, 5, 4, 6, 11, 7, 15]"
21,1호선,서울역,133,20220926,20221225,124,청량리역,141,구로역,132,시청역,1,0,MON,08,20,"[14, 14, 10, 13, 5, 4, 7, 11, 8, 15]"
21,1호선,서울역,133,20220926,20221225,124,청량리역,141,구로역,132,시청역,1,0,MON,08,30,"[14, 13, 10, 14, 5, 4, 7, 11, 8, 16]"
21,1호선,서울역,133,20220926,20221225,124,청량리역,141,구로역,132,시청역,1,0,MON,08,40,"[12, 12, 9, 14, 5, 4, 7, 11, 8, 17]"
21,1호선,서울역,133,20220926,20221225,124,청량리역,141,구로역,132,시청역,1,0,MON,08,50,"[11, 13, 9, 14, 5, 3, 7, 11, 8, 19]"
22,1호선,서울역,133,20220926,20221225,124,청량리역,P157-1,서동탄역,132,시청역,1,0,MON,08,00,"[15, 16, 10, 12, 5, 4, 6, 10, 7, 15]"
22,1호선,서울역,133,20220926,20221225,124,청량리역,P157-1,서동탄역,132,시청역,1,0,MON,08,10,"[14, 16, 11, 13, 5, 4, 7, 11, 7, 15]"
22,1호선,서울역,133,20220926,20221225,124,청량리역,P157-1,서동탄역,132,시청역,1,0,MON,08,20,"[12, 14, 10, 13, 5, 3, 7, 11, 8, 15]"
22,1호선,서울역,133,20220926,20221225,124,청량리역,P157-1,서동탄역,132,시청역,1,0,MON,08,30,"[12, 13, 9, 14, 5, 3, 7, 11, 8, 16]"
22,1호선,서울역,133,20220926,20221225,124,청량리역,P157-1,서동탄역,132,시청역,1,0,MON,08,40,"[12, 12, 9, 14, 5, 4, 7, 11, 8, 17]"
22,1호선,서울역,133,20220926,20221225,124,청량리역,P157-1,서동탄역,132,시청역,1,0,MON,08,50,"[11, 13, 9, 14, 5, 3, 7, 11, 8, 19]"
23,1호선,서울역,133,20220926,20221225,124,청량리역,P169,천안역,132,시청역,1,0,MON,08,00,"[16, 16, 10, 12, 5, 4, 5, 11, 7, 14]"
23,1호선,서울역,133,20220926,20221225,124,청량리역,P169,천안역,132,시청역,1,0,MON,08,10,"[15, 15, 11, 12, 5, 4, 6, 11, 7, 15]"
23,1호선,서울역,133,20220926,20221225,124,청량리역,P169,천안역,132,시청역,1,0,MON,08,20,"[14, 14, 10, 13, 5, 4, 7, 11, 8, 15]"
23,1호선,서울역,133,20220926,20221225,124,청량리역,P169,천안역,132,시청역,1,0,MON,08,30,"[14, 13, 10, 14, 5, 4, 7, 11, 8, 16]"
23,1호선,서울역,133,20220926,20221225,124,청량리역,P169,천안역,132,시청역,1,0,MON,08,40,"[12, 12, 9, 14, 5, 4, 7, 11, 8, 17]"
23,1호선,서울역,133,20220926,20221225,124,청량리역,P169,천안역,132,시청역,1,0,MON,08,50,"[12, 13, 9, 15, 6, 3, 7, 11, 7, 18]"
24,1호선,서울역,133,20220926,20221225,124,청량리역,P169,천안역,132,시청역,1,1,MON,08,00,"[17, 16, 10, 12, 5, 4, 4, 11, 6, 13]"
24,1호선,서울역,133,20220926,20221225,124,청량리역,P169,천안역,132,시청역,1,1,MON,08,10,"[15, 15, 11, 13, 5, 3, 6, 12, 6, 14]"
24,1호선,서울역,133,20220926,20221225,124,청량리역,P169,천안역,132,시청역,1,1,MON,08,20,"[15, 14, 11, 13, 5, 3, 6, 12, 7, 14]"
24,1호선,서울역,133,20220926,20221225,124,청량리역,P169,천안역,132,시청역,1,1,MON,08,30,"[15, 13, 10, 13, 5, 3, 6, 12, 7, 15]"
24,1호선,서울역,133,20220926,20221225,124,청량리역,P169,천안역,132,시청역,1,1,MON,08,40,"[12, 13, 10, 14, 5, 3, 7, 12, 6, 18]"
24,1호선,서울역,133,20220926,20221225,124,청량리역,P169,천안역,132,시청역,1,1,MON,08,50,"[11, 13, 9, 14, 5, 3, 7, 11, 7, 20]"
25,1호선,서울역,133,20220926,20221225,124,청량리역,P177,신창역,132,시청역,1,0,MON,08,00,"[16, 16, 10, 12, 5, 4, 5, 11, 7, 14]"
25,1호선,서울역,133,20220926,20221225,124,청량리역,P177,신창역,132,시청역,1,0,MON,08,10,"[15, 15, 11, 12, 5, 4, 6, 11, 7, 15]"
25,1호선,서울역,133,20220926,20221225,124,청량리역,P177,신창역,132,시청역,1,0,MON,08,20,"[14, 14, 10, 13, 5, 4, 7, 11, 8, 15]"
25,1호선,서울역,133,20220926,20221225,124,청량리역,P177,신창역,132,시청역,1,0,MON,08,30,"[14, 13, 10, 14, 5, 4, 7, 11, 8, 16]"
25,1호선,서울역,133,20220926,20221225,124,청량리역,P177,신창역,132,시청역,1,0,MON,08,40,"[12, 12, 9, 14, 5, 4, 7, 11, 8, 17]"
25,1호선,서울역,133,20220926,20221225,124,청량리역,P177,신창역,132,시청역,1,0,MON,08,50,"[11, 13, 9, 14, 5, 3, 7, 11, 8, 19]"
26,1호선,서울역,133,20220926,20221225,124,청량리역,P177,신창역,132,시청역,1,1,MON,08,00,"[16, 16, 10, 12, 5, 4, 5, 11, 7, 14]"
26,1호선,서울역,133,20220926,20221225,124,청량리역,P177,신창역,132,시청역,1,1,MON,08,10,"[15, 15, 11, 12, 5, 4, 6, 11, 7, 15]"
26,1호선,서울역,133,20220926,20221225,124,청량리역,P177,신창역,132,시청역,1,1,MON,08,20,"[14, 14, 10, 13, 5, 4, 7, 11, 8, 15]"
26,1호선,서울역,133,20220926,20221225,124,청량리역,P177,신창역,132,시청역,1,1,MON,08,30,"[14, 13, 10, 14, 5, 4, 7, 11, 8, 16]"
26,1호선,서울역,133,20220926,20221225,124,청량리역,P177,신창역,132,시청역,1,1,MON,08,40,"[12, 12, 9, 14, 5, 4, 7, 11, 8, 17]"
26,1호선,서울역,133,20220926,20221225,124,청량리역,P177,신창역,132,시청역,1,1,MON,08,50,"[11, 13, 9, 14, 5, 3, 7, 11, 8, 19]"
27,1호선,서울역,133,20220926,20221225,127,동묘앞역,161,인천역,132,시청역,1,0,MON,08,00,"[16, 16, 10, 12, 5, 4, 5, 11, 7, 14]"
27,1호선,서울역,133,20220926,20221225,127,동묘앞역,161,인천역,132,시청역,1,0,MON,08,10,"[15, 15, 11, 12, 5, 4, 6, 11, 7, 15]"
27,1호선,서울역,133,20220926,20221225,127,동묘앞역,161,인천역,132,시청역,1,0,MON,08,20,"[14, 14, 10, 13, 5, 4, 7, 11, 8, 15]"
27,1호선,서울역,133,20220926,20221225,127,동묘앞역,161,인천역,132,시청역,1,0,MON,08,30,"[14, 13, 10, 14, 5, 4, 7, 11, 8, 16]"
27,1호선,서울역,133,20220926,20221225,127,동묘앞역,161,인천역,132,시청역,1,0,MON,08,40,"[12, 12, 9, 14, 5, 4, 7, 11, 8, 17]"
27,1호선,서울역,133,20220926,20221225,127,동묘앞역,161,인천역,132,시청역,1,0,MON,08,50,"[11, 13, 9, 14, 5, 3, 7, 11, 8, 19]"
28,1호선,서울역,133,20220926,20221225,127,동묘앞역,P157-1,서동탄역,132,시청역,1,0,MON,08,00,"[16, 16, 10, 12, 5, 4, 5, 11, 7, 14]"
28,1호선,서울역,133,20220926,20221225,127,동묘앞역,P157-1,서동탄역,132,시청역,1,0,MON,08,10,"[15, 15, 11, 12, 5, 4, 6, 11, 7, 15]"
28,1호선,서울역,133,20220926,20221225,127,동묘앞역,P157-1,서동탄역,132,시청역,1,0,MON,08,20,"[14, 14, 10, 13, 5, 4, 7, 11, 8, 15]"
28,1호선,서울역,133,20220926,20221225,127,동묘앞역,P157-1,서동탄역,132,시청역,1,0,MON,08,30,"[14, 13, 10, 14, 5, 4, 7, 11, 8, 16]"
28,1호선,서울역,133,20220926,20221225,127,동묘앞역,P157-1,서동탄역,132,시청역,1,0,MON,08,40,"[12, 12, 9, 14, 5, 4, 7, 11, 8, 17]"
28,1호선,서울역,133,20220926,20221225,127,동묘앞역,P157-1,서동탄역,132,시청역,1,0,MON,08,50,"[11, 13, 9, 14, 5, 3, 7, 11, 8, 19]"
29,1호선,서울역,133,20220926,20221225,141,구로역,101,동두천역,134,남영역,0,0,MON,08,00,"[14, 7, 8, 7, 7, 6, 11, 11, 14, 15]"
29,1호선,서울역,133,20220926,20221225,141,구로역,101,동두천역,134,남영역,0,0,MON,08,10,"[13, 7, 8, 7, 7, 6, 11, 12, 14, 14]"
29,1호선,서울역,133,20220926,20221225,141,구로역,101,동두천역,134,남영역,0,0,MON,08,20,"[13, 7, 9, 7, 7, 6, 11, 12, 14, 14]"
29,1호선,서울역,133,20220926,20221225,141,구로역,101,동두천역,134,남영역,0,0,MON,08,30,"[13, 7, 9, 7, 7, 6, 11, 12, 14, 14]"
29,1호선,서울역,133,20220926,20221225,141,구로역,101,동두천역,134,남영역,0,0,MON,08,40,"[13, 8, 9, 7, 7, 6, 11, 11, 14, 14]"
29,1호선,서울역,133,20220926,20221225,141,구로역,101,동두천역,134,남영역,0,0,MON,08,50,"[13, 8, 9, 7, 7, 6, 11, 11, 14, 13]"
30,1호선,서울역,133,20220926,20221225,141,구로역,107,양주역,134,남영역,0,0,MON,08,00,"[14, 7, 8, 7, 7, 6, 11, 11, 14, 15]"
30,1호선,서울역,133,20220926,20221225,141,구로역,107,양주역,134,남영역,0,0,MON,08,10,"[13, 7, 8, 7, 7, 6, 11, 12, 14, 14]"
30,1호선,서울역,133,20220926,20221225,141,구로역,107,양주역,134,남영역,0,0,MON,08,20,"[13, 7, 9, 7, 7, 6, 11, 12, 14, 14]"
30,1호선,서울역,133,20220926,20221225,141,구로역,107,양주역,134,남영역,0,0,MON,08,30,"[13, 7, 9, 7, 7, 6, 11, 12, 14, 14]"
30,1호선,서울역,133,20220926,20221225,141,구로역,107,양주역,134,남영역,0,0,MON,08,40,"[13, 8, 9, 7, 7, 6, 11, 11, 14, 14]"
30,1호선,서울역,133,20220926,20221225,141,구로역,107,양주역,134,남영역,0,0,MON,08,50,"[13, 8, 9, 7, 7, 6, 11, 11, 14, 13]"
31,1호선,서울역,133,20220926,20221225,141,구로역,124,청량리역,134,남영역,0,0,MON,08,00,"[14, 7, 8, 7, 7, 6, 11, 11, 14, 15]"
31,1호선,서울역,133,20220926,20221225,141,구로역,124,청량리역,134,남영역,0,0,MON,08,10,"[13, 7, 8, 7, 7, 6, 11, 12, 14, 14]"
31,1호선,서울역,133,20220926,20221225,141,구로역,124,청량리역,134,남영역,0,0,MON,08,20,"[13, 7, 9, 7, 7, 6, 11, 12, 14, 14]"
31,1호선,서울역,133,20220926,20221225,141,구로역,124,청량리역,134,남영역,0,0,MON,08,30,"[13, 7, 9, 7, 7, 6, 11, 12, 14, 14]"
31,1호선,서울역,133,20220926,20221225,141,구로역,124,청량리역,134,남영역,0,0,MON,08,40,"[13, 8, 9, 7, 7, 6, 11, 11, 14, 14]"
31,1호선,서울역,133,20220926,20221225,141,구로역,124,청량리역,134,남영역,0,0,MON,08,50,"[13, 8, 9, 7, 7, 6, 11, 11, 14, 13]"
32,1호선,서울역,133,20220926,20221225,152,부평역,100,소요산역,134,남영역,0,0,MON,08,00,"[14, 7, 8, 7, 7, 6, 11, 11, 14, 15]"
32,1호선,서울역,133,20220926,20221225,152,부평역,100,소요산역,134,남영역,0,0,MON,08,10,"[13, 7, 8, 7, 7, 6, 11, 12, 14, 14]"
32,1호선,서울역,133,20220926,20221225,152,부평역,100,소요산역,134,남영역,0,0,MON,08,20,"[13, 7, 9, 7, 7, 6, 11, 12, 14, 14]"
32,1호선,서울역,133,20220926,20221225,152,부평역,100,소요산역,134,남영역,0,0,MON,08,30,"[13, 7, 9, 7, 7, 6, 11, 12, 14, 14]"
32,1호선,서울역,133,20220926,20221225,152,부평역,100,소요산역,134,남영역,0,0,MON,08,40,"[13, 8, 9, 7, 7, 6, 11, 11, 14, 14]"
32,1호선,서울역,133,20220926,20221225,152,부평역,100,소요산역,134,남영역,0,0,MON,08,50,"[13, 8, 9, 7, 7, 6, 11, 11, 14, 13]"
33,1호선,서울역,133,20220926,20221225,152,부평역,101,동두천역,134,남영역,0,0,MON,08,00,"[14, 7, 8, 7, 7, 6, 11, 11, 14, 15]"
33,1호선,서울역,133,20220926,20221225,152,부평역,101,동두천역,134,남영역,0,0,MON,08,10,"[13, 7, 8, 7, 7, 6, 11, 12, 14, 14]"
33,1호선,서울역,133,20220926,20221225,152,부평역,101,동두천역,134,남영역,0,0,MON,08,20,"[13, 7, 9, 7, 7, 6, 11, 12, 14, 14]"
33,1호선,서울역,133,20220926,20221225,152,부평역,101,동두천역,134,남영역,0,0,MON,08,30,"[13, 7, 9, 7, 7, 6, 11, 12, 14, 14]"
33,1호선,서울역,133,20220926,20221225,152,부평역,101,동두천역,134,남영역,0,0,MON,08,40,"[13, 8, 9, 7, 7, 6, 11, 11, 14, 14]"
33,1호선,서울역,133,20220926,20221225,152,부평역,101,동두천역,134,남영역,0,0,MON,08,50,"[13, 8, 9, 7, 7, 6, 11, 11, 14, 13]"
34,1호선,서울역,133,20220926,20221225,161,인천역,100,소요산역,134,남영역,0,0,MON,08,00,"[15, 7, 9, 6, 6, 6, 10, 11, 14, 15]"
34,1호선,서울역,133,20220926,20221225,161,인천역,100,소요산역,134,남영역,0,0,MON,08,10,"[14, 8, 8, 7, 7, 6, 11, 12, 13, 13]"
34,1호선,서울역,133,20220926,20221225,161,인천역,100,소요산역,134,남영역,0,0,MON,08,20,"[13, 8, 9, 7, 7, 6, 11, 12, 13, 13]"
34,1호선,서울역,133,20220926,20221225,161,인천역,100,소요산역,134,남영역,0,0,MON,08,30,"[13, 8, 9, 7, 7, 6, 11, 12, 13, 13]"
34,1호선,서울역,133,20220926,20221225,161,인천역,100,소요산역,134,남영역,0,0,MON,08,40,"[13, 8, 10, 8, 7, 5, 11, 11, 13, 13]"
34,1호선,서울역,133,20220926,20221225,161,인천역,100,소요산역,134,남영역,0,0,MON,08,50,"[13, 8, 9, 7, 7, 6, 10, 11, 14, 13]"
35,1호선,서울역,133,20220926,20221225,161,인천역,100,소요산역,134,남영역,0,1,MON,08,00,"[14, 7, 8, 6, 6, 6, 11, 11, 14, 16]"
35,1호선,서울역,133,20220926,20221225,161,인천역,100,소요산역,134,남영역,0,1,MON,08,10,"[14, 7, 8, 6, 7, 6, 11, 12, 14, 15]"
35,1호선,서울역,133,20220926,20221225,161,인천역,100,소요산역,134,남영역,0,1,MON,08,20,"[14, 7, 9, 7, 7, 6, 11, 12, 13, 14]"
35,1호선,서울역,133,20220926,20221225,161,인천역,100,소요산역,134,남영역,0,1,MON,08,30,"[13, 7, 10, 7, 8, 5, 11, 12, 13, 14]"
35,1호선,서울역,133,20220926,20221225,161,인천역,100,소요산역,134,남영역,0,1,MON,08,40,"[14, 8, 9, 8, 8, 5, 11, 11, 14, 14]"
35,1호선,서울역,133,20220926,20221225,161,인천역,100,소요산역,134,남영역,0,1,MON,08,50,"[13, 8, 9, 7, 7, 6, 10, 10, 15, 14]"
36,1호선,서울역,133,20220926,20221225,161,인천역,101,동두천역,134,남영역,0,0,MON,08,00,"[14, 7, 9, 7, 7, 6, 10, 12, 15, 15]"
36,1호선,서울역,133,20220926,20221225,161,인천역,101,동두천역,134,남영역,0,0,MON,08,10,"[14, 7, 8, 7, 7, 6, 11, 12, 14, 15]"
36,1호선,서울역,133,20220926,20221225,161,인천역,101,동두천역,134,남영역,0,0,MON,08,20,"[13, 7, 9, 7, 7, 6, 11, 12, 14, 14]"
36,1호선,서울역,133,20220926,20221225,161,인천역,101,동두천역,134,남영역,0,0,MON,08,30,"[14, 7, 9, 7, 7, 6, 11, 12, 14, 14]"
36,1호선,서울역,133,20220926,20221225,161,인천역,101,동두천역,134,남영역,0,0,MON,08,40,"[14, 7, 9, 7, 7, 6, 11, 11, 14, 14]"
36,1호선,서울역,133,20220926,20221225,161,인천역,101,동두천역,134,남영역,0,0,MON,08,50,"[14, 8, 8, 7, 7, 7, 11, 10, 15, 14]"
37,1호선,서울역,133,20220926,20221225,161,인천역,101,동두천역,134,남영역,0,1,MON,08,00,"[14, 7, 8, 7, 7, 6, 11, 11, 14, 15]"
37,1호선,서울역,133,20220926,20221225,161,인천역,101,동두천역,134,남영역,0,1,MON,08,10,"[13, 7, 8, 7, 7, 6, 11, 12, 14, 14]"
37,1호선,서울역,133,20220926,20221225,161,인천역,101,동두천역,134,남영역,0,1,MON,08,20,"[13, 7, 9, 7, 7, 6, 11, 12, 14, 14]"
37,1호선,서울역,133,20220926,20221225,161,인천역,101,동두천역,134,남영역,0,1,MON,08,30,"[13, 7, 9, 7, 7, 6, 11, 12, 14, 14]"
37,1호선,서울역,133,20220926,20221225,161,인천역,101,동두천역,134,남영역,0,1,MON,08,40,"[13, 8, 9, 7, 7, 6, 11, 11, 14, 14]"
37,1호선,서울역,133,20220926,20221225,161,인천역,101,동두천역,134,남영역,0,1,MON,08,50,"[13, 8, 9, 7, 7, 6, 11, 11, 14, 13]"
38,1호선,서울역,133,20220926,20221225,161,인천역,107,양주역,134,남영역,0,0,MON,08,00,"[14, 7, 9, 7, 6, 6, 10, 11, 15, 16]"
38,1호선,서울역,133,20220926,20221225,161,인천역,107,양주역,134,남영역,0,0,MON,08,10,"[13, 8, 9, 7, 7, 6, 10, 12, 14, 14]"
38,1호선,서울역,133,20220926,20221225,161,인천역,107,양주역,134,남영역,0,0,MON,08,20,"[13, 8, 10, 7, 7, 5, 11, 12, 14, 14]"
38,1호선,서울역,133,20220926,20221225,161,인천역,107,양주역,134,남영역,0,0,MON,08,30,"[12, 8, 9, 7, 7, 6, 11, 12, 14, 14]"
38,1호선,서울역,133,20220926,20221225,161,인천역,107,양주역,134,남영역,0,0,MON,08,40,"[12, 8, 9, 7, 7, 6, 11, 12, 14, 14]"
38,1호선,서울역,133,20220926,20221225,161,인천역,107,양주역,134,남영역,0,0,MON,08,50,"[13, 9, 10, 6, 7, 6, 11, 12, 13, 13]"
39,1호선,서울역,133,20220926,20221225,161,인천역,110,의정부역,134,남영역,0,0,MON,08,00,"[14, 8, 8, 5, 7, 6, 8, 10, 17, 16]"
39,1호선,서울역,133,20220926,20221225,161,인천역,110,의정부역,134,남영역,0,0,MON,08,10,"[13, 7, 9, 5, 7, 5, 9, 10, 18, 15]"
39,1호선,서울역,133,20220926,20221225,161,인천역,110,의정부역,134,남영역,0,0,MON,08,20,"[13, 7, 11, 8, 7, 5, 10, 10, 15, 13]"
39,1호선,서울역,133,20220926,20221225,161,인천역,110,의정부역,134,남영역,0,0,MON,08,30,"[13, 8, 10, 8, 7, 5, 10, 10, 15, 13]"
39,1호선,서울역,133,20220926,20221225,161,인천역,110,의정부역,134,남영역,0,0,MON,08,40,"[13, 8, 11, 8, 7, 5, 11, 10, 15, 13]"
39,1호선,서울역,133,20220926,20221225,161,인천역,110,의정부역,134,남영역,0,0,MON,08,50,"[13, 8, 10, 8, 7, 7, 11, 10, 15, 13]"
40,1호선,서울역,133,20220926,20221225,161,인천역,119,광운대역,134,남영역,0,0,MON,08,00,"[14, 7, 8, 7, 7, 6, 11, 11, 14, 15]"
40,1호선,서울역,133,20220926,20221225,161,인천역,119,광운대역,134,남영역,0,0,MON,08,10,"[13, 7, 8, 7, 7, 6, 11, 12, 14, 14]"
40,1호선,서울역,133,20220926,20221225,161,인천역,119,광운대역,134,남영역,0,0,MON,08,20,"[13, 7, 9, 7, 7, 6, 11, 12, 14, 14]"
40,1호선,서울역,133,20220926,20221225,161,인천역,119,광운대역,134,남영역,0,0,MON,08,30,"[13, 7, 9, 7, 7, 6, 11, 12, 14, 14]"
40,1호선,서울역,133,20220926,20221225,161,인천역,119,광운대역,134,남영역,0,0,MON,08,40,"[13, 8, 9, 7, 7, 6, 11, 11, 14, 14]"
40,1호선,서울역,133,20220926,20221225,161,인천역,119,광운대역,134,남영역,0,0,MON,08,50,"[13, 8, 9, 7, 7, 6, 11, 11, 14, 13]"
41,1호선,서울역,133,20220926,20221225,161,인천역,124,청량리역,134,남영역,0,0,MON,08,00,"[14, 7, 8, 7, 7, 6, 11, 11, 14, 15]"
41,1호선,서울역,133,20220926,20221225,161,인천역,124,청량리역,134,남영역,0,0,MON,08,10,"[13, 7, 8, 7, 7, 6, 11, 12, 14, 14]"
41,1호선,서울역,133,20220926,20221225,161,인천역,124,청량리역,134,남영역,0,0,MON,08,20,"[13, 7, 9, 7, 7, 6, 11, 12, 14, 14]"
41,1호선,서울역,133,20220926,20221225,161,인천역,124,청량리역,134,남영역,0,0,MON,08,30,"[13, 7, 9, 7, 7, 6, 11, 12, 14, 14]"
41,1호선,서울역,133,20220926,20221225,161,인천역,124,청량리역,134,남영역,0,0,MON,08,40,"[13, 8, 9, 7, 7, 6, 11, 11, 14, 14]"
41,1호선,서울역,133,20220926,20221225,161,인천역,124,청량리역,134,남영역,0,0,MON,08,50,"[13, 8, 9, 7, 7, 6, 11, 11, 14, 13]"
42,1호선,서울역,133,20220926,20221225,161,인천역,127,동묘앞역,134,남영역,0,0,MON,08,00,"[14, 7, 8, 7, 7, 6, 11, 11, 14, 15]"
42,1호선,서울역,133,20220926,20221225,161,인천역,127,동묘앞역,134,남영역,0,0,MON,08,10,"[13, 7, 8, 7, 7, 6, 11, 12, 14, 14]"
42,1호선,서울역,133,20220926,20221225,161,인천역,127,동묘앞역,134,남영역,0,0,MON,08,20,"[13, 7, 9, 7, 7, 6, 11, 12, 14, 14]"
42,1호선,서울역,133,20220926,20221225,161,인천역,127,동묘앞역,134,남영역,0,0,MON,08,30,"[13, 7, 9, 7, 7, 6, 11, 12, 14, 14]"
42,1호선,서울역,133,20220926,20221225,161,인천역,127,동묘앞역,134,남영역,0,0,MON,08,40,"[13, 8, 9, 7, 7, 6, 11, 11, 14, 14]"
42,1호선,서울역,133,20220926,20221225,161,인천역,127,동묘앞역,134,남영역,0,0,MON,08,50,"[14, 8, 9, 7, 7, 6, 11, 11, 14, 13]"
43,1호선,서울역,133,20220926,20221225,P157,병점역,119,광운대역,134,남영역,0,0,MON,08,00,"[14, 7, 8, 7, 7, 6, 11, 11, 14, 15]"
43,1호선,서울역,133,20220926,20221225,P157,병점역,119,광운대역,134,남영역,0,0,MON,08,10,"[13, 7, 8, 7, 7, 6, 11, 12, 14, 14]"
43,1호선,서울역,133,20220926,20221225,P157,병점역,119,광운대역,134,남영역,0,0,MON,08,20,"[13, 7, 9, 7, 7, 6, 11, 12, 14, 14]"
43,1호선,서울역,133,20220926,20221225,P157,병점역,119,광운대역,134,남영역,0,0,MON,08,30,"[13, 7, 9, 7, 7, 6, 11, 12, 14, 14]"
43,1호선,서울역,133,20220926,20221225,P157,병점역,119,광운대역,134,남영역,0,0,MON,08,40,"[13, 7, 9, 7, 7, 5, 11, 12, 14, 14]"
43,1호선,서울역,133,20220926,20221225,P157,병점역,119,광운대역,134,남영역,0,0,MON,08,50,"[13, 8, 9, 7, 8, 5, 11, 12, 13, 13]"
44,1호선,서울역,133,20220926,20221225,P157,병점역,124,청량리역,134,남영역,0,0,MON,08,00,"[13, 6, 8, 7, 7, 6, 11, 12, 14, 15]"
44,1호선,서울역,133,20220926,20221225,P157,병점역,124,청량리역,134,남영역,0,0,MON,08,10,"[13, 7, 9, 7, 7, 6, 11, 12, 14, 14]"
44,1호선,서울역,133,20220926,20221225,P157,병점역,124,청량리역,134,남영역,0,0,MON,08,20,"[13, 7, 9, 7, 7, 5, 11, 12, 14, 14]"
44,1호선,서울역,133,20220926,20221225,P157,병점역,124,청량리역,134,남영역,0,0,MON,08,30,"[13, 7, 9, 7, 7, 6, 11, 12, 14, 14]"
44,1호선,서울역,133,20220926,20221225,P157,병점역,124,청량리역,134,남영역,0,0,MON,08,40,"[13, 8, 9, 7, 7, 6, 11, 11, 14, 14]"
44,1호선,서울역,133,20220926,20221225,P157,병점역,124,청량리역,134,남영역,0,0,MON,08,50,"[13, 8, 9, 7, 7, 6, 11, 11, 14, 13]"
45,1호선,서울역,133,20220926,20221225,P157-1,서동탄역,119,광운대역,134,남영역,0,0,MON,08,00,"[13, 7, 9, 7, 6, 6, 10, 11, 15, 17]"
45,1호선,서울역,133,20220926,20221225,P157-1,서동탄역,119,광운대역,134,남영역,0,0,MON,08,10,"[13, 7, 8, 7, 7, 6, 11, 12, 15, 16]"
45,1호선,서울역,133,20220926,20221225,P157-1,서동탄역,119,광운대역,134,남영역,0,0,MON,08,20,"[11, 7, 8, 7, 7, 6, 12, 12, 15, 15]"
45,1호선,서울역,133,20220926,20221225,P157-1,서동탄역,119,광운대역,134,남영역,0,0,MON,08,30,"[13, 7, 8, 8, 7, 6, 11, 11, 14, 14]"
45,1호선,서울역,133,20220926,20221225,P157-1,서동탄역,119,광운대역,134,남영역,0,0,MON,08,40,"[13, 7, 8, 8, 7, 6, 11, 12, 14, 14]"
45,1호선,서울역,133,20220926,20221225,P157-1,서동탄역,119,광운대역,134,남영역,0,0,MON,08,50,"[14, 7, 8, 8, 7, 6, 12, 11, 14, 13]"
46,1호선,서울역,133,20220926,20221225,P157-1,서동탄역,124,청량리역,134,남영역,0,0,MON,08,00,"[14, 7, 8, 7, 7, 6, 10, 11, 14, 16]"
46,1호선,서울역,133,20220926,20221225,P157-1,서동탄역,124,청량리역,134,남영역,0,0,MON,08,10,"[13, 7, 8, 7, 7, 6, 11, 12, 14, 15]"
46,1호선,서울역,133,20220926,20221225,P157-1,서동탄역,124,청량리역,134,남영역,0,0,MON,08,20,"[13, 8, 9, 7, 7, 6, 11, 12, 14, 14]"
46,1호선,서울역,133,20220926,20221225,P157-1,서동탄역,124,청량리역,134,남영역,0,0,MON,08,30,"[13, 8, 9, 7, 7, 5, 11, 12, 13, 14]"
46,1호선,서울역,133,20220926,20221225,P157-1,서동탄역,124,청량리역,134,남영역,0,0,MON,08,40,"[13, 8, 9, 7, 7, 6, 11, 11, 14, 14]"
46,1호선,서울역,133,20220926,20221225,P157-1,서동탄역,124,청량리역,134,남영역,0,0,MON,08,50,"[13, 8, 9, 7, 7, 6, 11, 11, 14, 13]"
47,1호선,서울역,133,20220926,20221225,P157-1,서동탄역,127,동묘앞역,134,남영역,0,0,MON,08,00,"[14, 7, 8, 7, 7, 6, 11, 11, 14, 15]"
47,1호선,서울역,133,20220926,20221225,P157-1,서동탄역,127,동묘앞역,134,남영역,0,0,MON,08,10,"[14, 6, 8, 7, 7, 6, 11, 12, 14, 15]"
47,1호선,서울역,133,20220926,20221225,P157-1,서동탄역,127,동묘앞역,134,남영역,0,0,MON,08,20,"[13, 6, 8, 7, 7, 6, 11, 12, 14, 14]"
47,1호선,서울역,133,20220926,20221225,P157-1,서동탄역,127,동묘앞역,134,남영역,0,0,MON,08,30,"[13, 7, 9, 7, 7, 6, 11, 12, 14, 14]"
47,1호선,서울역,133,20220926,20221225,P157-1,서동탄역,127,동묘앞역,134,남영역,0,0,MON,08,40,"[14, 7, 8, 8, 7, 6, 11, 11, 14, 15]"
47,1호선,서울역,133,20220926,20221225,P157-1,서동탄역,127,동묘앞역,134,남영역,0,0,MON,08,50,"[14, 7, 8, 7, 7, 7, 11, 10, 15, 14]"
48,1호선,서울역,133,20220926,20221225,P169,천안역,119,광운대역,134,남영역,0,0,MON,08,00,"[14, 6, 8, 7, 6, 6, 11, 12, 14, 16]"
48,1호선,서울역,133,20220926,20221225,P169,천안역,119,광운대역,134,남영역,0,0,MON,08,10,"[14, 6, 8, 7, 6, 7, 11, 13, 14, 16]"
48,1호선,서울역,133,20220926,20221225,P169,천안역,119,광운대역,134,남영역,0,0,MON,08,20,"[13, 7, 10, 8, 6, 6, 12, 12, 13, 14]"
48,1호선,서울역,133,20220926,20221225,P169,천안역,119,광운대역,134,남영역,0,0,MON,08,30,"[13, 7, 9, 8, 6, 6, 11, 12, 13, 14]"
48,1호선,서울역,133,20220926,20221225,P169,천안역,119,광운대역,134,남영역,0,0,MON,08,40,"[14, 7, 9, 8, 7, 6, 11, 11, 13, 14]"
48,1호선,서울역,133,20220926,20221225,P169,천안역,119,광운대역,134,남영역,0,0,MON,08,50,"[14, 8, 9, 8, 7, 6, 11, 10, 15, 14]"
49,1호선,서울역,133,20220926,20221225,P169,천안역,124,청량리역,134,남영역,0,0,MON,08,00,"[14, 7, 8, 7, 7, 6, 11, 11, 14, 15]"
49,1호선,서울역,133,20220926,20221225,P169,천안역,124,청량리역,134,남영역,0,0,MON,08,10,"[13, 7, 8, 7, 7, 6, 11, 12, 14, 14]"
49,1호선,서울역,133,20220926,20221225,P169,천안역,124,청량리역,134,남영역,0,0,MON,08,20,"[13, 8, 8, 7, 7, 6, 12, 12, 14, 14]"
49,1호선,서울역,133,20220926,20221225,P169,천안역,124,청량리역,134,남영역,0,0,MON,08,30,"[13, 8, 9, 7, 7, 5, 12, 12, 14, 14]"
49,1호선,서울역,133,20220926,20221225,P169,천안역,124,청량리역,134,남영역,0,0,MON,08,40,"[13, 8, 9, 7, 7, 5, 11, 12, 14, 13]"
49,1호선,서울역,133,20220926,20221225,P169,천안역,124,청량리역,134,남영역,0,0,MON,08,50,"[13, 9, 9, 7, 7, 6, 11, 10, 15, 13]"
50,1호선,서울역,133,20220926,20221225,P169,천안역,124,청량리역,134,남영역,0,1,MON,08,00,"[14, 7, 8, 7, 7, 6, 11, 11, 14, 15]"
50,1호선,서울역,133,20220926,20221225,P169,천안역,124,청량리역,134,남영역,0,1,MON,08,10,"[13, 7, 8, 7, 7, 6, 11, 12, 14, 14]"
50,1호선,서울역,133,20220926,20221225,P169,천안역,124,청량리역,134,남영역,0,1,MON,08,20,"[13, 7, 9, 7, 7, 6, 11, 12, 14, 14]"
50,1호선,서울역,133,20220926,20221225,P169,천안역,124,청량리역,134,남영역,0,1,MON,08,30,"[13, 7, 9, 7, 7, 6, 11, 12, 14, 14]"
50,1호선,서울역,133,20220926,20221225,P169,천안역,124,청량리역,134,남영역,0,1,MON,08,40,"[13, 8, 9, 7, 7, 6, 11, 11, 14, 14]"
50,1호선,서울역,133,20220926,20221225,P169,천안역,124,청량리역,134,남영역,0,1,MON,08,50,"[13, 8, 9, 7, 7, 6, 11, 11, 14, 13]"
51,1호선,서울역,133,20220926,20221225,P169,천안역,133,서울역,139,영등포역,0,1,MON,08,00,"[14, 7, 8, 7, 7, 6, 11, 11, 14, 15]"
51,1호선,서울역,133,20220926,20221225,P169,천안역,133,서울역,139,영등포역,0,1,MON,08,10,"[13, 7, 8, 7, 7, 6, 11, 12, 14, 14]"
51,1호선,서울역,133,20220926,20221225,P169,천안역,133,서울역,139,영등포역,0,1,MON,08,20,"[13, 7, 9, 7, 7, 6, 11, 12, 14, 14]"
51,1호선,서울역,133,20220926,20221225,P169,천안역,133,서울역,139,영등포역,0,1,MON,08,30,"[13, 7, 9, 7, 7, 6, 11, 12, 14, 14]"
51,1호선,서울역,133,20220926,20221225,P169,천안역,133,서울역,139,영등포역,0,1,MON,08,40,"[13, 8, 9, 7, 7, 6, 11, 11, 14, 14]"
51,1호선,서울역,133,20220926,20221225,P169,천안역,133,서울역,139,영등포역,0,1,MON,08,50,"[13, 8, 9, 7, 7, 6, 11, 11, 14, 13]"
52,1호선,서울역,133,20220926,20221225,P177,신창역,119,광운대역,134,남영역,0,0,MON,08,00,"[13, 7, 9, 7, 6, 6, 10, 11, 15, 17]"
52,1호선,서울역,133,20220926,20221225,P177,신창역,119,광운대역,134,남영역,0,0,MON,08,10,"[13, 7, 9, 7, 7, 6, 11, 12, 14, 15]"
52,1호선,서울역,133,20220926,20221225,P177,신창역,119,광운대역,134,남영역,0,0,MON,08,20,"[13, 8, 9, 7, 7, 5, 11, 12, 14, 14]"
52,1호선,서울역,133,20220926,20221225,P177,신창역,119,광운대역,134,남영역,0,0,MON,08,30,"[13, 8, 9, 7, 7, 5, 11, 12, 14, 14]"
52,1호선,서울역,133,20220926,20221225,P177,신창역,119,광운대역,134,남영역,0,0,MON,08,40,"[13, 8, 9, 7, 7, 6, 11, 11, 14, 14]"
52,1호선,서울역,133,20220926,20221225,P177,신창역,119,광운대역,134,남영역,0,0,MON,08,50,"[13, 8, 9, 7, 7, 6, 11, 11, 14, 13]"
53,1호선,서울역,133,20220926,20221225,P177,신창역,124,청량리역,134,남영역,0,0,MON,08,00,"[14, 7, 8, 7, 7, 6, 11, 11, 14, 15]"
53,1호선,서울역,133,20220926,20221225,P177,신창역,124,청량리역,134,남영역,0,0,MON,08,10,"[13, 7, 8, 7, 7, 6, 11, 12, 14, 14]"
53,1호선,서울역,133,20220926,20221225,P177,신창역,124,청량리역,134,남영역,0,0,MON,08,20,"[13, 7, 9, 7, 7, 6, 11, 12, 14, 14]"
53,1호선,서울역,133,20220926,20221225,P177,신창역,124,청량리역,134,남영역,0,0,MON,08,30,"[13, 7, 9, 7, 7, 6, 11, 12, 14, 14]"
53,1호선,서울역,133,20220926,20221225,P177,신창역,124,청량리역,134,남영역,0,0,MON,08,40,"[13, 8, 9, 8, 7, 5, 11, 12, 14, 14]"
53,1호선,서울역,133,20220926,20221225,P177,신창역,124,청량리역,134,남영역,0,0,MON,08,50,"[13, 8, 10, 8, 7, 5, 11, 11, 13, 13]"
54,1호선,서울역,133,20220926,20221225,P177,신창역,124,청량리역,134,남영역,0,1,MON,08,00,"[14, 7, 8, 7, 7, 6, 11, 11, 14, 15]"
54,1호선,서울역,133,20220926,20221225,P177,신창역,124,청량리역,134,남영역,0,1,MON,08,10,"[13, 7, 8, 7, 7, 6, 11, 12, 14, 14]"
54,1호선,서울역,133,20220926,20221225,P177,신창역,124,청량리역,134,남영역,0,1,MON,08,20,"[13, 7, 9, 7, 7, 6, 11, 12, 14, 14]"
54,1호선,서울역,133,20220926,20221225,P177,신창역,124,청량리역,134,남영역,0,1,MON,08,30,"[13, 7, 9, 7, 7, 6, 11, 12, 14, 14]"
54,1호선,서울역,133,20220926,20221225,P177,신창역,124,청량리역,134,남영역,0,1,MON,08,40,"[13, 8, 9, 7, 7, 6, 11, 11, 14, 14]"
54,1호선,서울역,133,20220926,20221225,P177,신창역,124,청량리역,134,남영역,0,1,MON,08,50,"[13, 8, 9, 7, 7, 6, 11, 11, 14, 13]"
55,1호선,서울역,133,20220926,20221225,P177,신창역,133,서울역,139,영등포역,0,1,MON,08,00,"[14, 7, 8, 7, 7, 6, 11, 11, 14, 15]"
55,1호선,서울역,133,20220926,20221225,P177,신창역,133,서울역,139,영등포역,0,1,MON,08,10,"[13, 7, 8, 7, 7, 6, 11, 12, 14, 14]"
55,1호선,서울역,133,20220926,20221225,P177,신창역,133,서울역,139,영등포역,0,1,MON,08,20,"[13, 7, 9, 7, 7, 6, 11, 12, 14, 14]"
55,1호선,서울역,133,20220926,20221225,P177,신창역,133,서울역,139,영등포역,0,1,MON,08,30,"[13, 7, 9, 7, 7, 6, 11, 12, 14, 14]"
55,1호선,서울역,133,20220926,20221225,P177,신창역,133,서울역,139,영등포역,0,1,MON,08,40,"[13, 8, 9, 7, 7, 6, 11, 11, 14, 14]"
55,1호선,서울역,133,20220926,20221225,P177,신창역,133,서울역,139,영등포역,0,1,MON,08,50,"[13, 8, 9, 7, 7, 6, 11, 11, 14, 13]"
